"","LOCATION","TIME","HEALTHEXP_PC_GDP","HEALTHEXP_USD_CAP","INFANTMORTALITY","LIFEEXP"
"1","AUS",1970,NA,NA,17.9,70.8
"2","AUS",1971,4.544,223.368,17.3,71.6
"3","AUS",1972,4.544,238.929,16.7,72
"4","AUS",1973,4.507,263.759,16.5,72.1
"5","AUS",1974,5.109,321.966,16.1,71.9
"6","AUS",1975,5.757,401.388,14.3,72.7
"7","AUS",1976,5.773,429.564,13.8,72.8
"8","AUS",1977,6.073,472.36,12.5,73.4
"9","AUS",1978,5.935,510.131,12.2,73.7
"10","AUS",1979,5.824,554.135,11.4,74.3
"11","AUS",1980,5.824,615.024,10.7,74.6
"12","AUS",1981,5.834,696.554,10,74.9
"13","AUS",1982,6.101,731.025,10.3,74.7
"14","AUS",1983,6.044,772.572,9.6,75.5
"15","AUS",1984,6.016,816.356,9.2,75.8
"16","AUS",1985,6.067,880.083,9.9,75.6
"17","AUS",1986,6.264,940.026,8.8,76.1
"18","AUS",1987,6.099,980.637,8.7,76.3
"19","AUS",1988,6.054,1038.675,8.7,76.3
"20","AUS",1989,6.107,1090.225,8,76.5
"21","AUS",1990,6.465,1153.055,8.2,77
"22","AUS",1991,6.759,1228.511,7.1,77.4
"23","AUS",1992,6.822,1307.019,7,77.5
"24","AUS",1993,6.835,1380.613,6.1,78
"25","AUS",1994,6.867,1470.797,5.9,78
"26","AUS",1995,6.908,1554.72,5.7,77.9
"27","AUS",1996,7.049,1645.072,5.8,78.2
"28","AUS",1997,7.073,1730.913,5.3,78.5
"29","AUS",1998,7.234,1858.292,5,78.7
"30","AUS",1999,7.327,1986.493,5.7,79
"31","AUS",2000,7.603,2156.869,5.2,79.3
"32","AUS",2001,7.696,2271.496,5.3,79.7
"33","AUS",2002,7.887,2426.479,5,80
"34","AUS",2003,7.894,2546.119,4.8,80.3
"35","AUS",2004,8.105,2745.832,4.7,80.6
"36","AUS",2005,7.974,2842.132,4.9,80.9
"37","AUS",2006,7.983,3023.279,4.7,81.1
"38","AUS",2007,8.057,3196.405,4.1,81.4
"39","AUS",2008,8.262,3310.171,4.1,81.5
"40","AUS",2009,8.588,3564.306,4.2,81.6
"41","AUS",2010,8.468,3607.461,4.1,81.8
"42","AUS",2011,8.586,3794.087,3.8,82
"43","AUS",2012,8.726,3807.682,3.3,82.1
"44","AUS",2013,8.806,4185.822,3.6,82.2
"45","AUS",2014,9.079,4288.764,3.4,82.4
"46","AUS",2015,9.445,4492.554,3.2,82.5
"47","AUS",2016,9.59,4708.09,NA,NA
"48","AUT",1970,4.85,185.39,25.9,70
"49","AUT",1971,4.781,200.96,26.1,70.2
"50","AUT",1972,4.777,221.183,25.2,70.6
"51","AUT",1973,4.869,247.965,23.8,71.1
"52","AUT",1974,5.098,293.602,23.5,71.1
"53","AUT",1975,6.522,410.018,20.5,71.2
"54","AUT",1976,6.756,469.377,18.2,71.7
"55","AUT",1977,6.697,519.053,16.8,72
"56","AUT",1978,6.965,576.963,15,72.1
"57","AUT",1979,6.94,656.815,14.7,72.4
"58","AUT",1980,7.039,738.835,14.3,72.6
"59","AUT",1981,6.039,690.224,12.6,72.9
"60","AUT",1982,6.014,744.161,12.8,73.1
"61","AUT",1983,5.846,775.625,11.9,73.1
"62","AUT",1984,5.893,810.025,11.4,73.7
"63","AUT",1985,6.022,875.2,11.2,73.9
"64","AUT",1986,6.13,929.131,10.3,74.4
"65","AUT",1987,6.42,1010.884,9.8,74.9
"66","AUT",1988,6.412,1077.871,8.1,75.3
"67","AUT",1989,6.556,1184.003,8.3,75.4
"68","AUT",1990,7.737,1500.451,7.8,75.7
"69","AUT",1991,7.801,1600.996,7.5,75.7
"70","AUT",1992,8.097,1716.176,7.5,75.9
"71","AUT",1993,8.621,1865.312,6.5,76.2
"72","AUT",1994,9.012,2031.206,6.3,76.5
"73","AUT",1995,8.945,2109.958,5.4,76.8
"74","AUT",1996,8.904,2179.338,5.1,77
"75","AUT",1997,9.004,2282.507,4.7,77.4
"76","AUT",1998,9.175,2438.346,4.9,77.8
"77","AUT",1999,9.322,2567.974,4.4,78
"78","AUT",2000,9.221,2701.978,4.8,78.2
"79","AUT",2001,9.288,2760.754,4.8,78.7
"80","AUT",2002,9.413,2929.164,4.1,78.8
"81","AUT",2003,9.583,3065.31,4.5,78.7
"82","AUT",2004,9.647,3246.255,4.5,79.3
"83","AUT",2005,9.582,3340.908,4.2,79.4
"84","AUT",2006,9.482,3551.471,3.6,80
"85","AUT",2007,9.478,3710.828,3.7,80.3
"86","AUT",2008,9.635,3955.892,3.7,80.5
"87","AUT",2009,10.142,4128.268,3.8,80.4
"88","AUT",2010,10.112,4237.729,3.9,80.7
"89","AUT",2011,9.909,4383.705,3.6,81.1
"90","AUT",2012,10.13,4683.545,3.2,81
"91","AUT",2013,10.186,4860.986,3.1,81.2
"92","AUT",2014,10.286,5000.622,3,81.6
"93","AUT",2015,10.32,5100.015,3.1,81.3
"94","AUT",2016,10.367,5227.321,NA,NA
"95","BEL",1970,3.836,149.105,21.1,71.1
"96","BEL",1971,3.922,165.896,20.4,71.2
"97","BEL",1972,4.076,188.589,18.8,71.5
"98","BEL",1973,4.355,224.761,17.7,71.7
"99","BEL",1974,4.419,258.208,17.4,72.1
"100","BEL",1975,5.518,346.577,16.1,72.1
"101","BEL",1976,5.724,400.013,15.3,72.2
"102","BEL",1977,6.193,461.866,13.6,72.9
"103","BEL",1978,6.382,523.394,13.3,72.8
"104","BEL",1979,6.364,577.727,12.3,73.3
"105","BEL",1980,6.148,635.018,12.1,73.3
"106","BEL",1981,6.561,738.856,11.5,73.7
"107","BEL",1982,6.788,816.927,11.1,74
"108","BEL",1983,6.954,872.754,10.6,74
"109","BEL",1984,6.797,905.043,10,74.5
"110","BEL",1985,6.846,956.053,9.8,74.6
"111","BEL",1986,7.017,1017.496,9.6,74.8
"112","BEL",1987,7.123,1082.849,9.7,75.5
"113","BEL",1988,7.122,1169.806,9,75.7
"114","BEL",1989,7.066,1242.95,8.5,75.7
"115","BEL",1990,7.109,1333.468,8,76.1
"116","BEL",1991,7.419,1458.914,8.3,76.3
"117","BEL",1992,7.598,1545.328,8.2,76.5
"118","BEL",1993,7.722,1586.076,8,76.5
"119","BEL",1994,7.52,1623.431,7.6,76.8
"120","BEL",1995,7.479,1683.963,6,77
"121","BEL",1996,7.754,1775.047,5,77.3
"122","BEL",1997,7.612,1820.013,5.4,77.5
"123","BEL",1998,7.735,1898.116,5.2,77.6
"124","BEL",1999,7.9,2025.754,4.9,77.7
"125","BEL",2000,7.942,2221.135,4.8,77.8
"126","BEL",2001,8.105,2352.565,4.5,78.1
"127","BEL",2002,8.264,2518.943,4.4,78.2
"128","BEL",2003,9.09,2822.722,4.1,78.2
"129","BEL",2004,9.108,2938.448,3.9,79
"130","BEL",2005,9.024,3007.746,3.7,79.1
"131","BEL",2006,8.921,3158.616,4,79.5
"132","BEL",2007,8.95,3298.787,3.9,79.9
"133","BEL",2008,9.339,3561.38,3.8,79.8
"134","BEL",2009,10.071,3831.722,3.5,80.1
"135","BEL",2010,9.918,3980.038,3.6,80.3
"136","BEL",2011,10.081,4158.285,3.4,80.7
"137","BEL",2012,10.184,4313.517,3.8,80.5
"138","BEL",2013,10.367,4504.616,3.5,80.7
"139","BEL",2014,10.395,4656.43,3.4,81.4
"140","BEL",2015,10.477,4778.452,3.3,81.1
"141","BEL",2016,10.387,4839.826,NA,NA
"142","BRA",1970,NA,NA,102.5,59.2
"143","BRA",1971,NA,NA,100,59.6
"144","BRA",1972,NA,NA,97.4,60
"145","BRA",1973,NA,NA,94.9,60.3
"146","BRA",1974,NA,NA,92.3,60.6
"147","BRA",1975,NA,NA,89.8,60.9
"148","BRA",1976,NA,NA,87.3,61.1
"149","BRA",1977,NA,NA,84.7,61.4
"150","BRA",1978,NA,NA,82,61.6
"151","BRA",1979,NA,NA,79,61.8
"152","BRA",1980,NA,NA,75.9,62.1
"153","BRA",1981,NA,NA,72.7,62.4
"154","BRA",1982,NA,NA,69.7,62.7
"155","BRA",1983,NA,NA,66.7,63
"156","BRA",1984,NA,NA,64,63.3
"157","BRA",1985,NA,NA,61.4,63.7
"158","BRA",1986,NA,NA,59,64
"159","BRA",1987,NA,NA,56.8,64.3
"160","BRA",1988,NA,NA,54.8,64.7
"161","BRA",1989,NA,NA,52.8,65.1
"162","BRA",1990,NA,NA,50.9,65.4
"163","BRA",1991,NA,NA,48.9,65.8
"164","BRA",1992,NA,NA,46.8,66.3
"165","BRA",1993,NA,NA,44.6,66.7
"166","BRA",1994,NA,NA,42.2,67.2
"167","BRA",1995,NA,NA,39.7,67.7
"168","BRA",1996,NA,NA,37.2,68.2
"169","BRA",1997,NA,NA,34.8,68.7
"170","BRA",1998,NA,NA,32.4,69.2
"171","BRA",1999,NA,NA,30.2,69.7
"172","BRA",2000,7.047,640.164,28.1,70
"173","BRA",2001,7.194,670.052,26.1,70.5
"174","BRA",2002,7.142,686.689,24.3,70.8
"175","BRA",2003,6.952,680.577,22.5,71.2
"176","BRA",2004,7.071,742.9,21,71.5
"177","BRA",2005,8.271,914.457,19.5,71.8
"178","BRA",2006,8.357,978.469,18.2,72.1
"179","BRA",2007,8.274,1043.06,17.1,72.4
"180","BRA",2008,8.232,1100.027,16.2,72.7
"181","BRA",2009,8.636,1149.307,15.4,73
"182","BRA",2010,6.052,867.874,14.8,73.3
"183","BRA",2011,6.004,904.813,14.4,73.6
"184","BRA",2012,6.017,933.69,14.3,73.8
"185","BRA",2013,6.172,994.755,14.3,74.1
"186","BRA",2014,NA,NA,14.4,74.4
"187","BRA",2015,NA,NA,14.6,74.7
"188","CAN",1970,6.353,288.51,18.8,NA
"189","CAN",1971,6.611,325.216,17.5,72.9
"190","CAN",1972,6.528,349.19,17.1,NA
"191","CAN",1973,6.207,369.945,15.5,NA
"192","CAN",1974,6.091,404.533,15,NA
"193","CAN",1975,6.538,476.122,14.3,NA
"194","CAN",1976,6.574,524.349,13.5,73.9
"195","CAN",1977,6.553,567.559,12.4,NA
"196","CAN",1978,6.526,622.577,12,NA
"197","CAN",1979,6.414,680.853,10.9,75.1
"198","CAN",1980,6.588,768.993,10.4,75.3
"199","CAN",1981,6.789,885.685,9.6,75.5
"200","CAN",1982,7.522,996.935,9.1,75.6
"201","CAN",1983,7.694,1076.84,8.5,75.9
"202","CAN",1984,7.58,1152.681,8.1,76.2
"203","CAN",1985,7.588,1235.796,8,76.3
"204","CAN",1986,7.83,1316.035,7.9,76.5
"205","CAN",1987,7.771,1376.07,7.3,76.6
"206","CAN",1988,7.769,1467.688,7.2,76.8
"207","CAN",1989,7.976,1573.353,7.1,77
"208","CAN",1990,8.394,1693.909,6.8,77.2
"209","CAN",1991,9.081,1830.398,6.4,77.5
"210","CAN",1992,9.332,1918,6.3,77.7
"211","CAN",1993,9.216,1968.969,6.8,77.8
"212","CAN",1994,8.862,1998.647,6.3,77.9
"213","CAN",1995,8.559,2002.384,6.1,77.9
"214","CAN",1996,8.363,2003.254,5.6,78.1
"215","CAN",1997,8.345,2099.353,5.5,78.3
"216","CAN",1998,8.577,2246.879,5.3,78.5
"217","CAN",1999,8.358,2318.957,5.3,78.7
"218","CAN",2000,8.276,2421.902,5.3,79
"219","CAN",2001,8.655,2608.131,5.2,79.2
"220","CAN",2002,8.888,2742.451,5.4,79.4
"221","CAN",2003,9.043,2913.956,5.3,79.6
"222","CAN",2004,9.097,3076.243,5.3,79.8
"223","CAN",2005,9.064,3282.454,5.4,80
"224","CAN",2006,9.207,3499.59,5,80.3
"225","CAN",2007,9.298,3667.486,5.1,80.4
"226","CAN",2008,9.465,3812.318,5.1,80.6
"227","CAN",2009,10.574,4101.812,4.9,80.8
"228","CAN",2010,10.562,4227.772,5,81.1
"229","CAN",2011,10.22,4247.829,4.9,81.3
"230","CAN",2012,10.223,4308.464,4.8,81.5
"231","CAN",2013,10.115,4460.591,NA,81.7
"232","CAN",2014,9.987,4502.348,NA,NA
"233","CAN",2015,10.436,4613.061,NA,NA
"234","CAN",2016,10.578,4752.784,NA,NA
"235","CHE",1970,4.913,355.57,15.1,73.1
"236","CHE",1971,5.133,404.091,14.3,73.3
"237","CHE",1972,5.099,428.916,13.3,73.8
"238","CHE",1973,5.174,469.42,13.2,74.1
"239","CHE",1974,5.526,551.4,12.5,74.4
"240","CHE",1975,6.297,636.835,10.7,74.8
"241","CHE",1976,6.518,689.549,10.7,74.9
"242","CHE",1977,6.513,752.067,9.8,75.4
"243","CHE",1978,6.523,809.356,8.6,75.4
"244","CHE",1979,6.615,908.78,8.5,75.7
"245","CHE",1980,6.648,1037.418,9.1,75.7
"246","CHE",1981,6.708,1156.463,7.6,75.9
"247","CHE",1982,6.845,1229.708,7.7,76.2
"248","CHE",1983,7.21,1349.2,7.6,76.2
"249","CHE",1984,6.969,1386.105,7.1,76.9
"250","CHE",1985,6.972,1477.113,6.9,77
"251","CHE",1986,7.145,1564.844,6.8,77.1
"252","CHE",1987,7.35,1666.318,6.8,77.5
"253","CHE",1988,7.398,1779.774,6.8,77.5
"254","CHE",1989,7.422,1919.72,7.3,77.7
"255","CHE",1990,7.362,2026.178,6.8,77.5
"256","CHE",1991,7.964,2216.392,6.2,77.8
"257","CHE",1992,8.334,2345.174,6.4,78
"258","CHE",1993,8.411,2398.017,5.6,78.4
"259","CHE",1994,8.485,2482.238,5.1,78.6
"260","CHE",1995,8.848,2637.561,5.1,78.7
"261","CHE",1996,9.197,2805.016,4.7,79.1
"262","CHE",1997,9.186,2921.191,4.8,79.3
"263","CHE",1998,9.31,3060.905,4.8,79.6
"264","CHE",1999,9.439,3191.478,4.6,79.8
"265","CHE",2000,9.338,3331.508,4.9,79.9
"266","CHE",2001,9.692,3572.655,5,80.4
"267","CHE",2002,10.097,3804.735,4.5,80.6
"268","CHE",2003,10.393,3909.028,4.3,80.6
"269","CHE",2004,10.423,4079.186,4.2,81.2
"270","CHE",2005,10.256,4149.15,4.2,81.4
"271","CHE",2006,9.807,4408.357,4.4,81.7
"272","CHE",2007,9.635,4766.049,3.9,82
"273","CHE",2008,9.78,5116.851,4,82.2
"274","CHE",2009,10.388,5363.601,4.3,82.3
"275","CHE",2010,10.742,5686.282,3.8,82.6
"276","CHE",2011,10.815,6047.647,3.8,82.8
"277","CHE",2012,11.097,6391.123,3.6,82.8
"278","CHE",2013,11.363,6793.522,3.9,82.9
"279","CHE",2014,11.59,7096.073,3.9,83.3
"280","CHE",2015,12.057,7535.588,3.9,83
"281","CHE",2016,12.381,7919.022,NA,NA
"282","CHL",1970,NA,NA,79.3,62.3
"283","CHL",1971,NA,NA,70.5,NA
"284","CHL",1972,NA,NA,71.1,NA
"285","CHL",1973,NA,NA,65.2,NA
"286","CHL",1974,NA,NA,63.3,NA
"287","CHL",1975,NA,NA,55.4,NA
"288","CHL",1976,NA,NA,54,NA
"289","CHL",1977,NA,NA,47.5,NA
"290","CHL",1978,NA,NA,38.7,NA
"291","CHL",1979,NA,NA,36.6,NA
"292","CHL",1980,NA,NA,33,NA
"293","CHL",1981,NA,NA,27,NA
"294","CHL",1982,NA,NA,24,NA
"295","CHL",1983,NA,NA,22.2,NA
"296","CHL",1984,NA,NA,19.6,NA
"297","CHL",1985,NA,NA,19.5,NA
"298","CHL",1986,NA,NA,19.1,NA
"299","CHL",1987,NA,NA,18.5,NA
"300","CHL",1988,NA,NA,18.9,NA
"301","CHL",1989,NA,NA,17.1,NA
"302","CHL",1990,NA,NA,16,72.9
"303","CHL",1991,NA,NA,14.6,74
"304","CHL",1992,NA,NA,14.3,74.5
"305","CHL",1993,NA,NA,13.1,74.5
"306","CHL",1994,NA,NA,12,75
"307","CHL",1995,NA,NA,11.1,74.9
"308","CHL",1996,NA,NA,11.1,75.2
"309","CHL",1997,NA,NA,10,75.7
"310","CHL",1998,NA,NA,10.3,75.8
"311","CHL",1999,NA,NA,10.1,76
"312","CHL",2000,7.02,670.024,8.9,76.8
"313","CHL",2001,7.116,709.369,8.3,76.8
"314","CHL",2002,7.223,746.122,7.8,77.2
"315","CHL",2003,7.285,787.979,7.8,77.2
"316","CHL",2004,6.893,811.341,8.4,77.2
"317","CHL",2005,6.584,840.74,7.9,77.6
"318","CHL",2006,6.04,941.442,7.6,78
"319","CHL",2007,6.194,1040.517,8.3,77.5
"320","CHL",2008,6.741,1105.327,7.8,78.1
"321","CHL",2009,7.227,1169.463,7.9,78.2
"322","CHL",2010,6.806,1238.348,7.4,78
"323","CHL",2011,6.81,1375.803,7.7,78.7
"324","CHL",2012,7.071,1506.191,7.4,78.7
"325","CHL",2013,7.394,1645.747,7,79.5
"326","CHL",2014,7.679,1736.889,7.2,79.7
"327","CHL",2015,8.129,1877.359,NA,79.1
"328","CHL",2016,8.45,1976.967,NA,79.2
"329","CHN",1970,NA,NA,80.4,58.7
"330","CHN",1971,NA,NA,76.8,60
"331","CHN",1972,NA,NA,73.3,61
"332","CHN",1973,NA,NA,69.7,61.9
"333","CHN",1974,NA,NA,66.2,62.8
"334","CHN",1975,NA,NA,62.6,63.6
"335","CHN",1976,NA,NA,59.1,64.3
"336","CHN",1977,NA,NA,55.8,65
"337","CHN",1978,NA,NA,52.9,65.6
"338","CHN",1979,NA,NA,50.2,66.1
"339","CHN",1980,NA,NA,48,66.6
"340","CHN",1981,NA,NA,46.1,67
"341","CHN",1982,NA,NA,44.6,67.3
"342","CHN",1983,NA,NA,43.4,67.7
"343","CHN",1984,NA,NA,42.6,68
"344","CHN",1985,NA,NA,42.2,68.2
"345","CHN",1986,NA,NA,42,68.4
"346","CHN",1987,NA,NA,42,68.6
"347","CHN",1988,NA,NA,42.2,68.8
"348","CHN",1989,NA,NA,42.2,68.9
"349","CHN",1990,NA,NA,42.1,69.1
"350","CHN",1991,NA,NA,41.8,69.2
"351","CHN",1992,NA,NA,41.2,69.4
"352","CHN",1993,NA,NA,40.2,69.6
"353","CHN",1994,NA,NA,39,69.7
"354","CHN",1995,NA,NA,37.7,70
"355","CHN",1996,NA,NA,36.4,70.2
"356","CHN",1997,NA,NA,35,70.6
"357","CHN",1998,NA,NA,33.5,70.9
"358","CHN",1999,NA,NA,31.9,71.3
"359","CHN",2000,4.574,133.246,30.2,71.7
"360","CHN",2001,4.533,145.51,28.3,72.2
"361","CHN",2002,4.757,168.267,26.2,72.6
"362","CHN",2003,4.791,189.195,24.2,73
"363","CHN",2004,4.69,208.473,22.2,73.4
"364","CHN",2005,4.623,235.071,20.3,73.8
"365","CHN",2006,4.486,263.648,18.7,74.1
"366","CHN",2007,4.283,293.566,17.2,74.3
"367","CHN",2008,4.549,346.844,15.8,74.6
"368","CHN",2009,5.025,419.948,14.6,74.8
"369","CHN",2010,4.838,450.338,13.5,75
"370","CHN",2011,4.976,515.14,12.5,75.2
"371","CHN",2012,5.204,588.63,11.5,75.4
"372","CHN",2013,5.32,655.574,10.6,75.6
"373","CHN",2014,5.484,733.26,9.8,75.8
"374","CHN",2015,NA,NA,9.2,76
"375","COL",1970,NA,NA,70.4,60.9
"376","COL",1971,NA,NA,68.1,61.3
"377","COL",1972,NA,NA,65.9,61.6
"378","COL",1973,NA,NA,63.5,62
"379","COL",1974,NA,NA,61,62.4
"380","COL",1975,NA,NA,58.4,62.8
"381","COL",1976,NA,NA,55.6,63.3
"382","COL",1977,NA,NA,52.8,63.8
"383","COL",1978,NA,NA,50,64.4
"384","COL",1979,NA,NA,47.2,65
"385","COL",1980,NA,NA,44.6,65.6
"386","COL",1981,NA,NA,42,66.1
"387","COL",1982,NA,NA,39.7,66.6
"388","COL",1983,NA,NA,37.6,67
"389","COL",1984,NA,NA,35.7,67.4
"390","COL",1985,NA,NA,34.1,67.7
"391","COL",1986,NA,NA,32.7,67.9
"392","COL",1987,NA,NA,31.5,68
"393","COL",1988,NA,NA,30.5,68.2
"394","COL",1989,NA,NA,29.7,68.3
"395","COL",1990,NA,NA,28.9,68.4
"396","COL",1991,NA,NA,28.2,68.6
"397","COL",1992,NA,NA,27.4,68.7
"398","COL",1993,NA,NA,26.6,69
"399","COL",1994,NA,NA,25.8,69.2
"400","COL",1995,NA,NA,25,69.5
"401","COL",1996,NA,NA,24.2,69.9
"402","COL",1997,NA,NA,23.4,70.2
"403","COL",1998,NA,NA,22.6,70.5
"404","COL",1999,NA,NA,21.9,70.8
"405","COL",2000,5.907,390.015,21.2,71
"406","COL",2001,5.96,404.07,20.6,71.3
"407","COL",2002,5.669,395.024,20,71.5
"408","COL",2003,5.923,431.989,19.4,71.8
"409","COL",2004,5.371,418.772,18.9,72
"410","COL",2005,5.816,484.152,18.4,72.3
"411","COL",2006,6.112,552.867,17.8,72.5
"412","COL",2007,6.253,613.448,17.3,72.7
"413","COL",2008,6.62,677.546,16.9,72.9
"414","COL",2009,7.012,726.485,16.4,73.1
"415","COL",2010,6.758,728.182,15.9,73.3
"416","COL",2011,6.636,768.88,15.4,73.5
"417","COL",2012,6.933,841.44,14.9,73.6
"418","COL",2013,6.841,874.735,14.5,73.8
"419","COL",2014,7.193,964.184,14.1,74
"420","COL",2015,NA,NA,13.6,74.2
"421","CRI",1970,NA,NA,61.2,66.5
"422","CRI",1971,NA,NA,57.8,67
"423","CRI",1972,NA,NA,52.5,67.5
"424","CRI",1973,NA,NA,47,68.1
"425","CRI",1974,NA,NA,42.3,68.6
"426","CRI",1975,NA,NA,38,69.2
"427","CRI",1976,NA,NA,33.2,69.8
"428","CRI",1977,NA,NA,28.1,70.4
"429","CRI",1978,NA,NA,23.9,71
"430","CRI",1979,NA,NA,21.3,71.6
"431","CRI",1980,NA,NA,19.8,72.2
"432","CRI",1981,NA,NA,19.3,72.8
"433","CRI",1982,NA,NA,19.2,73.3
"434","CRI",1983,NA,NA,19.1,73.8
"435","CRI",1984,NA,NA,18.8,74.2
"436","CRI",1985,NA,NA,18.2,74.5
"437","CRI",1986,NA,NA,17.3,74.8
"438","CRI",1987,NA,NA,16.3,75.1
"439","CRI",1988,NA,NA,15.5,75.3
"440","CRI",1989,NA,NA,14.8,75.5
"441","CRI",1990,NA,NA,14.3,75.7
"442","CRI",1991,NA,NA,14,75.9
"443","CRI",1992,NA,NA,13.7,76.1
"444","CRI",1993,NA,NA,13.5,76.3
"445","CRI",1994,NA,NA,13.2,76.4
"446","CRI",1995,NA,NA,13,76.6
"447","CRI",1996,NA,NA,12.8,76.8
"448","CRI",1997,NA,NA,12.7,77
"449","CRI",1998,NA,NA,12.3,77.2
"450","CRI",1999,NA,NA,11.8,77.3
"451","CRI",2000,7.599,548.043,11.2,77.4
"452","CRI",2001,7.47,564.515,10.5,77.6
"453","CRI",2002,8.395,657.987,10,77.7
"454","CRI",2003,8.607,722.015,9.5,77.8
"455","CRI",2004,7.826,702.639,9.2,78
"456","CRI",2005,7.745,750.694,9,78.1
"457","CRI",2006,7.798,838.158,8.9,78.2
"458","CRI",2007,8.238,979.511,8.9,78.3
"459","CRI",2008,8.777,1087.917,8.9,78.5
"460","CRI",2009,9.313,1150.113,8.9,78.6
"461","CRI",2010,9.406,1200.819,8.9,78.7
"462","CRI",2011,9.493,1274.15,8.8,78.9
"463","CRI",2012,9.319,1323.49,8.8,79.1
"464","CRI",2013,9.37,1359.993,8.7,79.2
"465","CRI",2014,9.11,1389.877,8.6,79.4
"466","CRI",2015,NA,NA,8.5,79.6
"467","CZE",1970,NA,NA,20.2,69.6
"468","CZE",1971,NA,NA,20.2,69.8
"469","CZE",1972,NA,NA,19.5,70.3
"470","CZE",1973,NA,NA,19.5,70.2
"471","CZE",1974,NA,NA,19.3,70.2
"472","CZE",1975,NA,NA,19.4,70.6
"473","CZE",1976,NA,NA,19.1,70.7
"474","CZE",1977,NA,NA,18.7,70.8
"475","CZE",1978,NA,NA,17.1,70.9
"476","CZE",1979,NA,NA,15.8,70.9
"477","CZE",1980,NA,NA,16.9,70.5
"478","CZE",1981,NA,NA,15.4,70.8
"479","CZE",1982,NA,NA,15,70.9
"480","CZE",1983,NA,NA,14.5,70.8
"481","CZE",1984,NA,NA,14.1,71
"482","CZE",1985,NA,NA,12.5,71.2
"483","CZE",1986,NA,NA,12.3,71.1
"484","CZE",1987,NA,NA,12,71.6
"485","CZE",1988,NA,NA,11,71.8
"486","CZE",1989,NA,NA,10,71.9
"487","CZE",1990,3.751,472.921,10.8,71.6
"488","CZE",1991,3.888,448.734,10.4,72
"489","CZE",1992,4.011,470.692,9.9,72.5
"490","CZE",1993,5.373,645.154,8.5,72.9
"491","CZE",1994,5.535,698.325,7.9,73.2
"492","CZE",1995,5.759,788.374,7.7,73.3
"493","CZE",1996,5.638,819.616,6,74
"494","CZE",1997,5.647,828.972,5.9,74.1
"495","CZE",1998,5.63,836.86,5.2,74.7
"496","CZE",1999,5.81,888.25,4.6,74.9
"497","CZE",2000,5.734,925.006,4.1,75.1
"498","CZE",2001,5.901,1035.918,4,75.3
"499","CZE",2002,6.215,1127.527,4.1,75.4
"500","CZE",2003,6.576,1273.2,3.9,75.3
"501","CZE",2004,6.395,1329.063,3.7,75.8
"502","CZE",2005,6.395,1401.039,3.4,76.1
"503","CZE",2006,6.206,1473.927,3.3,76.7
"504","CZE",2007,6.029,1571.069,3.1,77
"505","CZE",2008,6.374,1770.855,2.8,77.3
"506","CZE",2009,7.309,2014.849,2.9,77.4
"507","CZE",2010,6.944,1920.523,2.7,77.7
"508","CZE",2011,6.977,2009.164,2.7,78
"509","CZE",2012,7.028,2041.566,2.6,78.2
"510","CZE",2013,7.807,2379.927,2.5,78.3
"511","CZE",2014,7.653,2476.357,2.4,78.9
"512","CZE",2015,7.308,2466.027,2.5,78.7
"513","CZE",2016,7.26,2544.301,NA,NA
"514","DEU",1970,5.713,263.437,22.5,70.6
"515","DEU",1971,6.185,308.323,22.1,70.8
"516","DEU",1972,6.509,350.727,21.6,71
"517","DEU",1973,6.828,404.536,21.3,71.3
"518","DEU",1974,7.353,478.303,20,71.5
"519","DEU",1975,8.017,566.923,18.9,71.4
"520","DEU",1976,8.038,632.113,16.6,71.8
"521","DEU",1977,7.971,689.659,14.8,72.5
"522","DEU",1978,8.046,768.205,14.3,72.4
"523","DEU",1979,7.899,849.65,13.3,72.8
"524","DEU",1980,8.098,960.361,12.4,72.9
"525","DEU",1981,8.397,1092.22,11.8,73.2
"526","DEU",1982,8.228,1133.109,11.1,73.5
"527","DEU",1983,8.22,1199.179,10.4,73.8
"528","DEU",1984,8.336,1300.11,9.8,74.3
"529","DEU",1985,8.481,1400.051,9.1,74.4
"530","DEU",1986,8.376,1441.752,8.7,74.6
"531","DEU",1987,8.48,1515.187,8.4,75
"532","DEU",1988,8.66,1653.127,7.6,75.2
"533","DEU",1989,8.063,1642.04,7.5,75.4
"534","DEU",1990,8.031,1756.706,7,75.3
"535","DEU",1991,NA,NA,6.9,75.5
"536","DEU",1992,9.032,1959.72,6.2,76
"537","DEU",1993,9,1969.232,5.8,76.1
"538","DEU",1994,9.235,2109.218,5.6,76.4
"539","DEU",1995,9.51,2251.413,5.3,76.6
"540","DEU",1996,9.797,2375.243,5,76.9
"541","DEU",1997,9.678,2398.783,4.9,77.3
"542","DEU",1998,9.698,2478.27,4.7,77.7
"543","DEU",1999,9.768,2596.237,4.5,77.9
"544","DEU",2000,9.84,2708.856,4.4,78.2
"545","DEU",2001,9.875,2847.38,4.3,78.5
"546","DEU",2002,10.122,3001.704,4.2,78.5
"547","DEU",2003,10.358,3143.717,4.2,78.6
"548","DEU",2004,10.13,3226.367,4.1,79.2
"549","DEU",2005,10.275,3330.572,3.9,79.4
"550","DEU",2006,10.128,3521.611,3.8,79.8
"551","DEU",2007,9.985,3695.255,3.9,80.1
"552","DEU",2008,10.181,3936.071,3.5,80.2
"553","DEU",2009,11.167,4213.857,3.5,80.3
"554","DEU",2010,11.035,4413.217,3.4,80.5
"555","DEU",2011,10.747,4588.255,3.6,80.5
"556","DEU",2012,10.805,4707.122,3.3,80.6
"557","DEU",2013,10.968,4961.067,3.3,80.6
"558","DEU",2014,11.05,5200.099,3.2,81.2
"559","DEU",2015,11.152,5352.626,3.3,80.7
"560","DEU",2016,11.268,5550.629,NA,NA
"561","DNK",1970,NA,NA,14.2,73.3
"562","DNK",1971,7.677,351.44,13.5,73.3
"563","DNK",1972,7.768,383.401,12.2,73.4
"564","DNK",1973,7.585,408.405,11.5,73.6
"565","DNK",1974,8.291,478.816,10.7,74
"566","DNK",1975,8.536,529.24,10.4,74.2
"567","DNK",1976,8.441,583.352,10.2,73.9
"568","DNK",1977,8.259,615.543,8.7,74.9
"569","DNK",1978,8.377,680.988,8.8,74.6
"570","DNK",1979,8.474,772.712,8.8,74.4
"571","DNK",1980,8.416,831.588,8.4,74.3
"572","DNK",1981,8.575,920.446,7.9,74.4
"573","DNK",1982,8.624,1020.132,8.2,74.7
"574","DNK",1983,8.418,1062.608,7.7,74.6
"575","DNK",1984,7.97,1085.777,7.7,74.8
"576","DNK",1985,7.947,1161.571,7.9,74.6
"577","DNK",1986,7.734,1208.111,8.2,74.8
"578","DNK",1987,8.054,1291.877,8.3,74.9
"579","DNK",1988,8.191,1359.004,7.6,75
"580","DNK",1989,8.061,1397.526,8,75
"581","DNK",1990,8.038,1464.032,7.5,74.9
"582","DNK",1991,7.94,1511.238,7.3,75.3
"583","DNK",1992,7.956,1573.853,6.6,75.3
"584","DNK",1993,8.289,1673.368,5.4,75.2
"585","DNK",1994,8.077,1748.221,5.5,75.5
"586","DNK",1995,7.771,1759.748,5.1,75.3
"587","DNK",1996,7.839,1858.864,5.6,75.7
"588","DNK",1997,7.75,1930.293,5.2,76.1
"589","DNK",1998,7.552,1947.381,4.7,76.5
"590","DNK",1999,8.342,2223.362,4.2,76.6
"591","DNK",2000,8.104,2321.098,5.3,76.9
"592","DNK",2001,8.448,2493.712,4.9,77
"593","DNK",2002,8.703,2666.48,4.4,77.1
"594","DNK",2003,8.904,2740.933,4.4,77.4
"595","DNK",2004,9.007,2966.324,4.4,77.8
"596","DNK",2005,9.091,3104.445,4.4,78.3
"597","DNK",2006,9.169,3421.532,3.5,78.4
"598","DNK",2007,9.325,3632.445,4,78.4
"599","DNK",2008,9.511,3926.124,4,78.8
"600","DNK",2009,10.674,4310.386,3.1,79
"601","DNK",2010,10.376,4470.086,3.4,79.3
"602","DNK",2011,10.197,4527.677,3.5,79.9
"603","DNK",2012,10.269,4601.029,3.4,80.1
"604","DNK",2013,10.212,4771.91,3.5,80.4
"605","DNK",2014,10.262,4905.678,4,80.8
"606","DNK",2015,10.326,5057.861,3.7,80.8
"607","DNK",2016,10.376,5205.023,NA,NA
"608","ESP",1970,3.145,88.168,28.1,72
"609","ESP",1971,3.584,109.142,25.6,NA
"610","ESP",1972,3.782,128.52,22.8,NA
"611","ESP",1973,3.699,141.317,21.4,NA
"612","ESP",1974,4.028,175.179,19.8,NA
"613","ESP",1975,4.192,198.142,18.9,73.4
"614","ESP",1976,4.668,237.884,17.1,73.7
"615","ESP",1977,4.916,270.846,16,74.2
"616","ESP",1978,4.954,293.508,15.3,74.4
"617","ESP",1979,4.902,311.795,14.3,74.9
"618","ESP",1980,4.967,349.248,12.3,75.4
"619","ESP",1981,5.104,389.079,12.5,75.7
"620","ESP",1982,5.196,423.355,11.3,76.3
"621","ESP",1983,5.348,458.657,10.9,76
"622","ESP",1984,5.16,464.512,9.9,76.4
"623","ESP",1985,5.044,477.752,8.9,76.4
"624","ESP",1986,5.005,497.84,9.2,76.7
"625","ESP",1987,5.074,544.935,8.9,76.9
"626","ESP",1988,5.643,657.837,8,76.9
"627","ESP",1989,5.767,730.991,7.8,77
"628","ESP",1990,6.101,831.348,7.6,77
"629","ESP",1991,6.288,905.552,7.2,77.1
"630","ESP",1992,6.663,985.743,7.1,77.6
"631","ESP",1993,6.967,1038.901,6.7,77.7
"632","ESP",1994,6.893,1069.681,6,78.1
"633","ESP",1995,7.048,1142.316,5.5,78.1
"634","ESP",1996,7.069,1195.929,5.5,78.3
"635","ESP",1997,6.953,1241.467,5,78.8
"636","ESP",1998,6.917,1314.863,4.9,78.9
"637","ESP",1999,6.923,1378.13,4.5,78.8
"638","ESP",2000,6.816,1466.635,4.4,79.3
"639","ESP",2001,6.783,1557.637,4,79.8
"640","ESP",2002,6.803,1657.397,4.1,79.9
"641","ESP",2003,7.53,1886.648,3.9,79.7
"642","ESP",2004,7.619,1996.108,3.9,80.4
"643","ESP",2005,7.676,2126.553,3.7,80.3
"644","ESP",2006,7.755,2391.155,3.5,81.1
"645","ESP",2007,7.837,2553.534,3.4,81.2
"646","ESP",2008,8.289,2773.787,3.3,81.5
"647","ESP",2009,8.989,2914.534,3.2,81.9
"648","ESP",2010,9.022,2885.67,3.2,82.4
"649","ESP",2011,9.092,2915.393,3.1,82.6
"650","ESP",2012,9.073,2902.135,3.1,82.5
"651","ESP",2013,9.019,2940.511,2.7,83.2
"652","ESP",2014,9.083,3057.308,2.8,83.3
"653","ESP",2015,9.165,3180.049,2.7,83
"654","ESP",2016,8.983,3248.381,NA,NA
"655","EST",1970,NA,NA,17.7,70
"656","EST",1971,NA,NA,17.5,70.3
"657","EST",1972,NA,NA,15.9,70.1
"658","EST",1973,NA,NA,15.9,70.4
"659","EST",1974,NA,NA,17.6,70.5
"660","EST",1975,NA,NA,18.2,69.9
"661","EST",1976,NA,NA,17.5,69.5
"662","EST",1977,NA,NA,17.5,69.6
"663","EST",1978,NA,NA,16.5,69.4
"664","EST",1979,NA,NA,18.3,69.2
"665","EST",1980,NA,NA,17.1,69.3
"666","EST",1981,NA,NA,17,69.1
"667","EST",1982,NA,NA,17.2,69.7
"668","EST",1983,NA,NA,16.1,69.6
"669","EST",1984,NA,NA,13.6,69.5
"670","EST",1985,NA,NA,14.1,69.6
"671","EST",1986,NA,NA,16,70.7
"672","EST",1987,NA,NA,16,70.7
"673","EST",1988,NA,NA,12.5,70.8
"674","EST",1989,NA,NA,14.8,70.3
"675","EST",1990,NA,NA,12.3,69.8
"676","EST",1991,NA,NA,13.3,69.7
"677","EST",1992,NA,NA,15.7,69.1
"678","EST",1993,NA,NA,15.6,68.2
"679","EST",1994,NA,NA,14.4,66.8
"680","EST",1995,NA,NA,14.9,67.9
"681","EST",1996,NA,NA,10.5,69.9
"682","EST",1997,NA,NA,10,70.1
"683","EST",1998,NA,NA,9.4,69.7
"684","EST",1999,5.704,477.313,9.6,70.6
"685","EST",2000,5.165,486.186,8.4,71
"686","EST",2001,4.788,494.42,8.8,70.9
"687","EST",2002,4.733,548.558,5.7,71.4
"688","EST",2003,4.885,638.231,7,71.8
"689","EST",2004,5.093,734.875,6.4,72.4
"690","EST",2005,4.956,818.523,5.4,72.9
"691","EST",2006,4.918,947.715,4.4,73.1
"692","EST",2007,5.028,1104.005,5,73.2
"693","EST",2008,5.752,1303.683,5,74.2
"694","EST",2009,6.543,1342.811,3.6,75.2
"695","EST",2010,6.334,1369.551,3.3,75.9
"696","EST",2011,5.823,1429.046,2.5,76.4
"697","EST",2012,5.827,1516.447,3.6,76.5
"698","EST",2013,6.023,1652.401,2.1,77.3
"699","EST",2014,6.211,1772.684,2.7,77.2
"700","EST",2015,6.513,1885.169,2.5,77.7
"701","EST",2016,6.683,1989.001,NA,NA
"702","FIN",1970,4.986,169.258,13.2,70.8
"703","FIN",1971,5.286,192.764,12.7,70.1
"704","FIN",1972,5.381,219.253,12,70.7
"705","FIN",1973,5.231,239.06,10.6,71.2
"706","FIN",1974,5.168,264.371,11,71.2
"707","FIN",1975,5.65,320.048,9.6,71.7
"708","FIN",1976,5.988,357.981,9.8,72
"709","FIN",1977,6.192,392.952,9,72.4
"710","FIN",1978,6.131,427.387,7.5,73
"711","FIN",1979,5.985,482.529,7.6,73.2
"712","FIN",1980,5.912,545.925,7.6,73.6
"713","FIN",1981,6.036,614.694,6.5,73.9
"714","FIN",1982,6.129,679.586,6,74.6
"715","FIN",1983,6.217,734.479,6.2,74.4
"716","FIN",1984,6.261,786.373,6.5,74.8
"717","FIN",1985,6.654,889.181,6.3,74.5
"718","FIN",1986,6.753,942.734,5.8,74.8
"719","FIN",1987,6.893,1019.017,6.2,74.8
"720","FIN",1988,6.7,1075.51,6,74.8
"721","FIN",1989,6.74,1176.872,6.1,75
"722","FIN",1990,7.248,1315.475,5.6,75
"723","FIN",1991,8.314,1458.845,5.8,75.5
"724","FIN",1992,8.514,1468.885,5.2,75.7
"725","FIN",1993,7.829,1366.148,4.4,75.8
"726","FIN",1994,7.283,1343.284,4.7,76.6
"727","FIN",1995,7.354,1437.36,3.9,76.6
"728","FIN",1996,7.476,1499.591,4,76.9
"729","FIN",1997,7.132,1552.228,3.9,77.1
"730","FIN",1998,6.823,1605.829,4.2,77.3
"731","FIN",1999,6.798,1683.695,3.6,77.5
"732","FIN",2000,6.837,1827.554,3.8,77.7
"733","FIN",2001,6.985,1944.303,3.2,78.2
"734","FIN",2002,7.359,2102.232,3,78.3
"735","FIN",2003,7.663,2220.926,3.1,78.5
"736","FIN",2004,7.791,2426.121,3.3,79
"737","FIN",2005,7.998,2558.811,3,79.1
"738","FIN",2006,8.005,2752.177,2.8,79.5
"739","FIN",2007,7.826,2949.522,2.7,79.6
"740","FIN",2008,8.084,3231.159,2.6,79.9
"741","FIN",2009,8.872,3359.599,2.6,80.1
"742","FIN",2010,8.869,3442.147,2.3,80.2
"743","FIN",2011,8.949,3640.717,2.4,80.6
"744","FIN",2012,9.291,3774.076,2.4,80.7
"745","FIN",2013,9.492,3919.591,1.8,81.1
"746","FIN",2014,9.48,3935.32,2.2,81.3
"747","FIN",2015,9.446,3993.189,1.7,81.6
"748","FIN",2016,9.345,4033.398,NA,NA
"749","FRA",1970,5.184,193.305,18.2,72.2
"750","FRA",1971,NA,NA,17.2,72.1
"751","FRA",1972,NA,NA,16.1,72.4
"752","FRA",1973,NA,NA,15.5,72.5
"753","FRA",1974,NA,NA,14.7,72.8
"754","FRA",1975,6.136,365.368,13.8,73
"755","FRA",1976,NA,NA,12.5,73.2
"756","FRA",1977,NA,NA,11.4,73.8
"757","FRA",1978,NA,NA,10.7,73.9
"758","FRA",1979,NA,NA,10,74.2
"759","FRA",1980,6.737,654.562,10,74.3
"760","FRA",1981,NA,NA,9.7,74.5
"761","FRA",1982,NA,NA,9.5,74.8
"762","FRA",1983,NA,NA,9.1,74.8
"763","FRA",1984,NA,NA,8.3,75.3
"764","FRA",1985,7.643,1011.814,8.3,75.4
"765","FRA",1986,NA,NA,8,75.7
"766","FRA",1987,NA,NA,7.8,76.3
"767","FRA",1988,NA,NA,7.8,76.6
"768","FRA",1989,NA,NA,7.5,76.7
"769","FRA",1990,7.958,1412.176,7.3,77
"770","FRA",1991,8.18,1507.972,7.3,77.2
"771","FRA",1992,8.403,1601.747,6.8,77.5
"772","FRA",1993,8.809,1701.337,6.5,77.6
"773","FRA",1994,8.793,1768.683,6,78
"774","FRA",1995,9.83,2053.374,5,78.1
"775","FRA",1996,9.834,2113.522,5,78.3
"776","FRA",1997,9.709,2174.295,4.9,78.6
"777","FRA",1998,9.61,2259.112,4.8,78.8
"778","FRA",1999,9.611,2353.714,4.4,78.9
"779","FRA",2000,9.541,2505.257,4.5,79.2
"780","FRA",2001,9.665,2682.131,4.6,79.3
"781","FRA",2002,9.982,2866.193,4.2,79.4
"782","FRA",2003,10.041,2844.909,4.2,79.3
"783","FRA",2004,10.124,2961.325,4,80.3
"784","FRA",2005,10.18,3124.189,3.8,80.4
"785","FRA",2006,10.045,3278.584,3.8,81
"786","FRA",2007,9.962,3412.079,3.8,81.2
"787","FRA",2008,10.102,3562.442,3.8,81.4
"788","FRA",2009,10.807,3768.95,3.9,81.5
"789","FRA",2010,10.713,3872.016,3.6,81.8
"790","FRA",2011,10.726,4030.876,3.5,82.3
"791","FRA",2012,10.828,4089.894,3.5,82.1
"792","FRA",2013,10.929,4330.675,3.6,82.3
"793","FRA",2014,11.1,4464.209,3.5,82.8
"794","FRA",2015,11.066,4529.586,3.7,82.4
"795","FRA",2016,10.982,4600.36,3.8,NA
"796","GBR",1970,3.971,141.642,18.5,71.9
"797","GBR",1971,4.017,155.182,17.9,71.9
"798","GBR",1972,4.088,171.235,17.5,NA
"799","GBR",1973,4.019,188.729,17.2,NA
"800","GBR",1974,4.647,231.781,16.8,NA
"801","GBR",1975,4.933,264.868,16,NA
"802","GBR",1976,4.949,288.57,14.5,NA
"803","GBR",1977,4.846,307.578,14.1,NA
"804","GBR",1978,4.798,339.575,13.3,NA
"805","GBR",1979,4.74,376.375,12.9,NA
"806","GBR",1980,5.063,428.808,12.1,73.2
"807","GBR",1981,5.285,485.379,11.2,73.8
"808","GBR",1982,5.123,509.941,11,74.1
"809","GBR",1983,5.321,573.691,10.2,74.3
"810","GBR",1984,5.237,597.03,9.6,74.5
"811","GBR",1985,5.14,628.555,9.4,74.7
"812","GBR",1986,5.125,657.997,9.5,74.8
"813","GBR",1987,5.178,716.794,9.1,75.2
"814","GBR",1988,5.089,769.563,9,75.3
"815","GBR",1989,5.037,809.783,8.4,75.4
"816","GBR",1990,5.09,851.948,7.9,75.7
"817","GBR",1991,5.486,935.297,7.4,75.9
"818","GBR",1992,5.935,1035.816,6.6,76.3
"819","GBR",1993,6.003,1096.874,6.3,76.2
"820","GBR",1994,6.078,1175.451,6.2,76.8
"821","GBR",1995,5.663,1143.043,6.2,76.7
"822","GBR",1996,5.652,1215.704,6.1,76.9
"823","GBR",1997,5.524,1253.811,5.8,77.2
"824","GBR",1998,5.666,1316.27,5.7,77.3
"825","GBR",1999,5.901,1414.901,5.8,77.5
"826","GBR",2000,6.012,1564.994,5.6,77.9
"827","GBR",2001,6.351,1737.606,5.5,78.2
"828","GBR",2002,6.623,1896.101,5.2,78.3
"829","GBR",2003,6.886,2058.797,5.3,78.4
"830","GBR",2004,7.097,2243.994,5,79
"831","GBR",2005,7.24,2336.54,5.1,79.2
"832","GBR",2006,7.384,2535.221,4.9,79.5
"833","GBR",2007,7.489,2632.6,4.7,79.7
"834","GBR",2008,7.742,2792.232,4.6,79.8
"835","GBR",2009,8.578,2951.03,4.5,80.4
"836","GBR",2010,8.508,3040.683,4.2,80.6
"837","GBR",2011,8.459,3083.7,4.2,81
"838","GBR",2012,8.476,3176.53,4,81
"839","GBR",2013,9.855,3845.006,3.9,81.1
"840","GBR",2014,9.799,3989.28,3.9,81.4
"841","GBR",2015,9.877,4125.26,3.9,81
"842","GBR",2016,9.745,4192.455,NA,NA
"843","GRC",1970,NA,NA,29.6,73.8
"844","GRC",1971,NA,NA,26.9,74.2
"845","GRC",1972,NA,NA,27.3,73.8
"846","GRC",1973,NA,NA,24.1,74.1
"847","GRC",1974,NA,NA,23.9,74.6
"848","GRC",1975,NA,NA,24,74.5
"849","GRC",1976,NA,NA,22.5,74.5
"850","GRC",1977,NA,NA,20.4,74.7
"851","GRC",1978,NA,NA,19.3,75.2
"852","GRC",1979,NA,NA,18.7,75.5
"853","GRC",1980,NA,NA,17.9,75.3
"854","GRC",1981,NA,NA,16.3,75.7
"855","GRC",1982,NA,NA,15.1,75.9
"856","GRC",1983,NA,NA,14.6,75.7
"857","GRC",1984,NA,NA,14.3,76.2
"858","GRC",1985,NA,NA,14.1,76
"859","GRC",1986,NA,NA,12.2,76.5
"860","GRC",1987,NA,NA,11.7,76.3
"861","GRC",1988,5.484,662.126,11,76.8
"862","GRC",1989,6.013,778.887,9.7,77
"863","GRC",1990,6.07,806.652,9.7,77.1
"864","GRC",1991,5.923,828.546,9,77.3
"865","GRC",1992,6.48,926.549,8.4,77.2
"866","GRC",1993,7.271,1041.251,8.5,77.6
"867","GRC",1994,7.978,1184.105,7.9,77.8
"868","GRC",1995,7.974,1227.902,8.1,77.8
"869","GRC",1996,7.878,1270.692,7.2,78
"870","GRC",1997,7.694,1318.924,6.4,78.4
"871","GRC",1998,7.578,1365.132,6.7,78.4
"872","GRC",1999,7.762,1433.276,6.2,78.5
"873","GRC",2000,7.243,1412.729,5.9,78.6
"874","GRC",2001,7.988,1678.378,5.1,79.1
"875","GRC",2002,8.234,1862.147,5.1,79.2
"876","GRC",2003,8.198,1956.809,4,79.3
"877","GRC",2004,7.932,2019.171,4.1,79.4
"878","GRC",2005,8.997,2301.104,3.8,79.7
"879","GRC",2006,8.965,2558.339,3.7,79.9
"880","GRC",2007,9.06,2652.918,3.5,79.7
"881","GRC",2008,9.383,2895.362,2.7,80.3
"882","GRC",2009,9.468,2878.085,3.1,80.4
"883","GRC",2010,9.56,2696.202,3.8,80.7
"884","GRC",2011,9.098,2378.363,3.4,80.8
"885","GRC",2012,8.776,2219.08,2.9,80.7
"886","GRC",2013,8.336,2175.4,3.7,81.4
"887","GRC",2014,7.941,2098.941,3.7,81.5
"888","GRC",2015,8.385,2210.071,4,81.1
"889","GRC",2016,8.297,2223.04,NA,NA
"890","HUN",1970,NA,NA,35.9,69.2
"891","HUN",1971,NA,NA,35.1,69.1
"892","HUN",1972,NA,NA,33.2,69.8
"893","HUN",1973,NA,NA,33.8,69.6
"894","HUN",1974,NA,NA,34.3,69.3
"895","HUN",1975,NA,NA,32.8,69.4
"896","HUN",1976,NA,NA,29.8,69.7
"897","HUN",1977,NA,NA,26.2,70
"898","HUN",1978,NA,NA,24.4,69.5
"899","HUN",1979,NA,NA,24,69.7
"900","HUN",1980,NA,NA,23.2,69.2
"901","HUN",1981,NA,NA,20.8,69.3
"902","HUN",1982,NA,NA,20,69.5
"903","HUN",1983,NA,NA,19,69.1
"904","HUN",1984,NA,NA,20.4,69.2
"905","HUN",1985,NA,NA,20.4,69.2
"906","HUN",1986,NA,NA,19,69.3
"907","HUN",1987,NA,NA,17.3,69.8
"908","HUN",1988,NA,NA,15.8,70.2
"909","HUN",1989,NA,NA,15.7,69.6
"910","HUN",1990,NA,NA,14.8,69.5
"911","HUN",1991,6.375,528.079,15.6,69.6
"912","HUN",1992,6.865,563.999,14.1,69.4
"913","HUN",1993,6.931,580.224,12.5,69.4
"914","HUN",1994,7.407,652.836,11.5,69.8
"915","HUN",1995,6.745,616.808,10.7,70.1
"916","HUN",1996,6.66,620.464,10.9,70.7
"917","HUN",1997,6.32,618.827,9.9,71.1
"918","HUN",1998,6.682,693.401,9.7,71.1
"919","HUN",1999,6.884,748.559,8.4,71.2
"920","HUN",2000,6.779,802.907,9.2,71.9
"921","HUN",2001,6.833,904.038,8.1,72.5
"922","HUN",2002,7.126,1034.427,7.2,72.5
"923","HUN",2003,8.143,1255.499,7.3,72.6
"924","HUN",2004,7.79,1261.887,6.6,73
"925","HUN",2005,8.029,1366.017,6.2,73
"926","HUN",2006,7.84,1429.238,5.7,73.5
"927","HUN",2007,7.255,1373.671,5.9,73.6
"928","HUN",2008,7.135,1468.822,5.6,74.2
"929","HUN",2009,7.284,1498.474,5.1,74.4
"930","HUN",2010,7.558,1622.521,5.3,74.7
"931","HUN",2011,7.58,1722.903,4.9,75
"932","HUN",2012,7.498,1724.266,4.9,75.2
"933","HUN",2013,7.288,1775.902,5,75.7
"934","HUN",2014,7.141,1820.5,4.5,75.9
"935","HUN",2015,7.236,1912.959,4.2,75.7
"936","HUN",2016,7.626,2101.058,NA,NA
"937","IDN",1970,NA,NA,113.1,54.6
"938","IDN",1971,NA,NA,109.9,55.1
"939","IDN",1972,NA,NA,106.7,55.7
"940","IDN",1973,NA,NA,103.6,56.2
"941","IDN",1974,NA,NA,100.6,56.8
"942","IDN",1975,NA,NA,97.8,57.3
"943","IDN",1976,NA,NA,95.1,57.8
"944","IDN",1977,NA,NA,92.5,58.3
"945","IDN",1978,NA,NA,90,58.7
"946","IDN",1979,NA,NA,87.7,59.2
"947","IDN",1980,NA,NA,85.4,59.6
"948","IDN",1981,NA,NA,83.1,60.1
"949","IDN",1982,NA,NA,80.8,60.5
"950","IDN",1983,NA,NA,78.5,60.9
"951","IDN",1984,NA,NA,76.2,61.2
"952","IDN",1985,NA,NA,74,61.6
"953","IDN",1986,NA,NA,71.6,61.9
"954","IDN",1987,NA,NA,69.3,62.3
"955","IDN",1988,NA,NA,67,62.6
"956","IDN",1989,NA,NA,64.6,62.9
"957","IDN",1990,NA,NA,62.2,63.3
"958","IDN",1991,NA,NA,59.8,63.7
"959","IDN",1992,NA,NA,57.4,64
"960","IDN",1993,NA,NA,55.1,64.4
"961","IDN",1994,NA,NA,52.9,64.7
"962","IDN",1995,NA,NA,50.8,65
"963","IDN",1996,NA,NA,48.7,65.3
"964","IDN",1997,NA,NA,46.7,65.6
"965","IDN",1998,NA,NA,44.7,65.9
"966","IDN",1999,NA,NA,42.9,66.1
"967","IDN",2000,1.808,91.04,41.1,66.2
"968","IDN",2001,2.04,107.404,39.4,66.4
"969","IDN",2002,2.073,114.274,37.8,66.6
"970","IDN",2003,2.316,134.576,36.3,66.8
"971","IDN",2004,2.164,133.92,36,67
"972","IDN",2005,2.549,169.854,33.4,67.2
"973","IDN",2006,2.655,189.83,32.1,67.4
"974","IDN",2007,2.832,218.151,30.9,67.6
"975","IDN",2008,2.564,210.766,29.7,67.8
"976","IDN",2009,2.635,220.83,28.5,68
"977","IDN",2010,2.741,230.262,27.4,68.1
"978","IDN",2011,2.713,243.468,26.3,68.3
"979","IDN",2012,2.898,276.872,25.3,68.5
"980","IDN",2013,2.919,295.145,24.4,68.7
"981","IDN",2014,2.841,302.499,23.6,68.9
"982","IDN",2015,NA,NA,22.8,69.1
"983","IND",1970,NA,NA,142.8,47.7
"984","IND",1971,NA,NA,140.6,48.4
"985","IND",1972,NA,NA,138.3,49.1
"986","IND",1973,NA,NA,135.8,49.8
"987","IND",1974,NA,NA,133.1,50.4
"988","IND",1975,NA,NA,130.3,51.1
"989","IND",1976,NA,NA,127.2,51.7
"990","IND",1977,NA,NA,124,52.3
"991","IND",1978,NA,NA,120.7,52.9
"992","IND",1979,NA,NA,117.5,53.4
"993","IND",1980,NA,NA,114.3,53.9
"994","IND",1981,NA,NA,111.3,54.3
"995","IND",1982,NA,NA,108.4,54.8
"996","IND",1983,NA,NA,105.7,55.1
"997","IND",1984,NA,NA,103.1,55.5
"998","IND",1985,NA,NA,100.6,55.9
"999","IND",1986,NA,NA,98.1,56.2
"1000","IND",1987,NA,NA,95.6,56.6
"1001","IND",1988,NA,NA,93.1,57
"1002","IND",1989,NA,NA,90.7,57.5
"1003","IND",1990,NA,NA,88.3,58
"1004","IND",1991,NA,NA,86.1,58.5
"1005","IND",1992,NA,NA,83.9,59
"1006","IND",1993,NA,NA,81.7,59.5
"1007","IND",1994,NA,NA,79.6,60
"1008","IND",1995,NA,NA,77.5,60.5
"1009","IND",1996,NA,NA,75.4,60.9
"1010","IND",1997,NA,NA,73.1,61.4
"1011","IND",1998,NA,NA,70.9,61.8
"1012","IND",1999,NA,NA,68.6,62.3
"1013","IND",2000,4.264,85.211,66.4,62.6
"1014","IND",2001,4.497,94.689,64.2,63
"1015","IND",2002,4.401,96.042,62,63.4
"1016","IND",2003,4.297,101.456,59.9,63.8
"1017","IND",2004,4.22,108.733,57.8,64.1
"1018","IND",2005,4.282,122.508,55.8,64.5
"1019","IND",2006,4.247,134.735,53.9,64.9
"1020","IND",2007,4.227,147.284,51.9,65.3
"1021","IND",2008,4.339,157.86,50,65.7
"1022","IND",2009,4.376,171.536,48.2,66.1
"1023","IND",2010,4.28,184.687,46.3,66.5
"1024","IND",2011,4.379,202.952,44.4,66.9
"1025","IND",2012,4.408,216.829,42.6,67.3
"1026","IND",2013,4.573,240.116,40.9,67.7
"1027","IND",2014,4.768,269.27,39.3,68
"1028","IND",2015,NA,NA,37.9,68.3
"1029","IRL",1970,4.908,120.579,19.5,71.2
"1030","IRL",1971,5.817,153.566,18,NA
"1031","IRL",1972,5.884,170.023,18,NA
"1032","IRL",1973,6.019,189,18,NA
"1033","IRL",1974,6.507,228.331,17.8,NA
"1034","IRL",1975,6.594,262.782,17.5,NA
"1035","IRL",1976,6.437,270.264,15.5,NA
"1036","IRL",1977,6.135,292.034,15.5,NA
"1037","IRL",1978,6.46,347.779,14.9,71.5
"1038","IRL",1979,6.797,402.894,12.8,72.3
"1039","IRL",1980,7.499,493.79,11.1,72.9
"1040","IRL",1981,7.093,521.542,10.3,72.9
"1041","IRL",1982,6.95,549.833,10.5,72.9
"1042","IRL",1983,6.974,568.139,10.1,NA
"1043","IRL",1984,6.816,596.285,9.6,NA
"1044","IRL",1985,6.833,634.925,8.8,73.4
"1045","IRL",1986,6.74,635.886,8.9,73.6
"1046","IRL",1987,6.445,652.55,7.9,74.5
"1047","IRL",1988,6.134,679.209,8.9,74.5
"1048","IRL",1989,5.757,703.602,8.1,74.5
"1049","IRL",1990,5.609,770.325,8.2,74.9
"1050","IRL",1991,6.06,871.565,7.6,75.1
"1051","IRL",1992,6.321,954.391,6.5,75.5
"1052","IRL",1993,6.371,1006.286,6.1,75.3
"1053","IRL",1994,6.269,1065.288,5.7,75.9
"1054","IRL",1995,6.101,1154.378,6.4,75.6
"1055","IRL",1996,5.926,1213.491,6,75.9
"1056","IRL",1997,5.846,1321.642,6.1,76.1
"1057","IRL",1998,5.635,1411.162,5.9,76.3
"1058","IRL",1999,5.585,1509.131,5.9,76.2
"1059","IRL",2000,5.905,1780.718,6.2,76.6
"1060","IRL",2001,6.4,2087.515,5.7,77.2
"1061","IRL",2002,6.675,2350.234,5,77.7
"1062","IRL",2003,7.009,2539.614,5.3,78.2
"1063","IRL",2004,7.225,2795.872,4.6,78.6
"1064","IRL",2005,7.647,3092.606,3.8,79
"1065","IRL",2006,7.511,3323.175,3.9,79.3
"1066","IRL",2007,7.799,3646.991,3.2,79.7
"1067","IRL",2008,9.106,4030.72,3.4,80.2
"1068","IRL",2009,10.511,4369.253,3.3,80.3
"1069","IRL",2010,10.541,4555.911,3.6,80.8
"1070","IRL",2011,9.935,4518.147,3.5,80.8
"1071","IRL",2012,10.061,4683.466,3.5,80.9
"1072","IRL",2013,10.419,5033.368,3.5,81.1
"1073","IRL",2014,9.913,5082.045,3.3,81.4
"1074","IRL",2015,7.761,5275.77,3.4,81.5
"1075","IRL",2016,7.817,5528.412,NA,NA
"1076","ISL",1970,4.622,179.554,13.2,74
"1077","ISL",1971,5.052,231.25,12.9,73.7
"1078","ISL",1972,4.952,247.469,11.3,74.5
"1079","ISL",1973,4.538,251.538,9.6,74.6
"1080","ISL",1974,5.181,326.401,11.7,74.6
"1081","ISL",1975,5.596,382.795,12.5,75.7
"1082","ISL",1976,5.251,397.507,7.7,77.1
"1083","ISL",1977,5.199,451.469,9.5,76.5
"1084","ISL",1978,5.593,546.812,11.3,76.7
"1085","ISL",1979,6.321,694.697,5.4,NA
"1086","ISL",1980,5.854,733.841,7.7,77
"1087","ISL",1981,5.981,845.061,6,76.6
"1088","ISL",1982,6.266,947.719,7.1,77.1
"1089","ISL",1983,6.87,1043.022,6.2,77
"1090","ISL",1984,6.476,1048.919,6.1,77.7
"1091","ISL",1985,6.707,1148.853,5.7,77.7
"1092","ISL",1986,7.157,1319.526,5.3,78.1
"1093","ISL",1987,7.331,1488.1,7.3,77.4
"1094","ISL",1988,7.908,1634.102,6.2,77.2
"1095","ISL",1989,7.732,1643.688,5.5,78.2
"1096","ISL",1990,7.384,1634.073,5.9,78.1
"1097","ISL",1991,7.56,1704.844,5.5,78.1
"1098","ISL",1992,7.76,1707.914,4.8,78.8
"1099","ISL",1993,7.848,1773.449,4.8,79
"1100","ISL",1994,7.674,1819.226,3.4,79.3
"1101","ISL",1995,7.797,1878.922,6.1,78.1
"1102","ISL",1996,7.832,1957.762,3.7,78.9
"1103","ISL",1997,7.737,2084.881,5.5,79
"1104","ISL",1998,8.499,2428.195,2.6,79.7
"1105","ISL",1999,8.899,2615.524,2.4,79.4
"1106","ISL",2000,9.009,2657.336,3,79.7
"1107","ISL",2001,8.881,2808.04,2.7,80.8
"1108","ISL",2002,9.588,3086.462,2.2,80.6
"1109","ISL",2003,10.075,3254.471,2.4,81
"1110","ISL",2004,9.555,3372.522,2.8,81.1
"1111","ISL",2005,9.214,3405.817,2.3,81.6
"1112","ISL",2006,8.919,3453.849,1.4,81.2
"1113","ISL",2007,8.721,3551.539,2,81.5
"1114","ISL",2008,8.716,3719.768,2.5,81.7
"1115","ISL",2009,9.059,3719.802,1.8,81.8
"1116","ISL",2010,8.808,3383.361,2.2,82
"1117","ISL",2011,8.642,3410.548,0.9,82.4
"1118","ISL",2012,8.691,3518.565,1.1,83
"1119","ISL",2013,8.696,3707.433,1.8,82.1
"1120","ISL",2014,8.784,3890.574,2.1,82.9
"1121","ISL",2015,8.609,4105.674,2.2,82.5
"1122","ISL",2016,8.606,4376.348,NA,NA
"1123","ISR",1970,NA,NA,24.2,NA
"1124","ISR",1971,NA,NA,23,71.8
"1125","ISR",1972,NA,NA,24.2,71.5
"1126","ISR",1973,NA,NA,22.8,71.7
"1127","ISR",1974,NA,NA,23.5,71.7
"1128","ISR",1975,4.453,NA,22.9,72.1
"1129","ISR",1976,5.11,NA,20.1,73
"1130","ISR",1977,5.762,356.673,17.8,73
"1131","ISR",1978,6.328,433.012,17.2,73.3
"1132","ISR",1979,6.868,526.779,16.6,73.6
"1133","ISR",1980,6.961,577.948,15.6,73.9
"1134","ISR",1981,6.749,633.588,15.7,74.3
"1135","ISR",1982,6.803,680.191,14.1,74.2
"1136","ISR",1983,7.275,765.259,13.7,74.5
"1137","ISR",1984,8.805,955.642,12.8,74.9
"1138","ISR",1985,6.558,750.863,11.9,75.3
"1139","ISR",1986,6.107,731.903,11.4,75
"1140","ISR",1987,6.203,803.67,11.1,75.3
"1141","ISR",1988,6.443,874.534,10.1,75.7
"1142","ISR",1989,6.916,964.277,10.1,76.4
"1143","ISR",1990,6.503,978.247,9.9,76.7
"1144","ISR",1991,6.202,977.827,9.2,76.8
"1145","ISR",1992,6.462,1084.719,9.4,76.6
"1146","ISR",1993,6.633,1155.638,7.8,77.2
"1147","ISR",1994,7.107,1323.924,7.5,77.5
"1148","ISR",1995,6.922,1366.316,6.8,77.5
"1149","ISR",1996,7.008,1456.832,6.3,78.2
"1150","ISR",1997,7.142,1532.431,6.4,78.1
"1151","ISR",1998,7.086,1562.74,5.9,78.2
"1152","ISR",1999,6.785,1533.342,5.8,78.5
"1153","ISR",2000,6.803,1695.798,5.5,78.8
"1154","ISR",2001,7.233,1802.953,5.1,79.3
"1155","ISR",2002,7.159,1802.991,5.4,79.5
"1156","ISR",2003,7.105,1689.314,4.9,79.7
"1157","ISR",2004,7.032,1772.999,4.6,80.2
"1158","ISR",2005,7.127,1768.952,4.4,80.2
"1159","ISR",2006,6.941,1781.642,4,80.6
"1160","ISR",2007,6.912,1900.537,3.9,80.6
"1161","ISR",2008,6.998,1918.194,3.8,81
"1162","ISR",2009,7.092,1948.727,3.8,81.5
"1163","ISR",2010,7.047,2033.618,3.7,81.7
"1164","ISR",2011,7.006,2138.774,3.5,81.7
"1165","ISR",2012,7.122,2261.405,3.6,81.8
"1166","ISR",2013,7.081,2423.346,3.1,82.1
"1167","ISR",2014,7.431,2595.481,3.1,82.2
"1168","ISR",2015,7.423,2712.958,3.1,82.1
"1169","ISR",2016,7.419,2822.326,NA,NA
"1170","ITA",1970,NA,NA,29.6,NA
"1171","ITA",1971,NA,NA,28.5,72
"1172","ITA",1972,NA,NA,27,NA
"1173","ITA",1973,NA,NA,26.2,NA
"1174","ITA",1974,NA,NA,22.9,72.6
"1175","ITA",1975,NA,NA,21.2,72.7
"1176","ITA",1976,NA,NA,19.5,72.8
"1177","ITA",1977,NA,NA,18.1,73.4
"1178","ITA",1978,NA,NA,17.1,73.8
"1179","ITA",1979,NA,NA,15.7,74.1
"1180","ITA",1980,NA,NA,14.6,74
"1181","ITA",1981,NA,NA,14.1,74.3
"1182","ITA",1982,NA,NA,13,74.7
"1183","ITA",1983,NA,NA,12.3,74.8
"1184","ITA",1984,NA,NA,11.4,75
"1185","ITA",1985,NA,NA,10.5,75.6
"1186","ITA",1986,NA,NA,10.2,75.9
"1187","ITA",1987,NA,NA,9.8,76.3
"1188","ITA",1988,6.67,1090.715,9.3,76.5
"1189","ITA",1989,6.657,1168.312,8.7,76.9
"1190","ITA",1990,7.015,1301.06,8.1,77.1
"1191","ITA",1991,7.25,1409.766,8,77.1
"1192","ITA",1992,7.118,1426.551,7.8,77.5
"1193","ITA",1993,7.088,1440.941,7,77.8
"1194","ITA",1994,6.934,1470.284,6.4,78
"1195","ITA",1995,6.871,1530.256,6.1,78.3
"1196","ITA",1996,6.964,1599.504,6,78.6
"1197","ITA",1997,7.224,1719.523,5.5,78.9
"1198","ITA",1998,7.268,1811.34,5.1,79.1
"1199","ITA",1999,7.336,1872.985,4.9,79.5
"1200","ITA",2000,7.58,2047.185,4.3,79.9
"1201","ITA",2001,7.769,2175.028,4.4,80.2
"1202","ITA",2002,7.893,2260.688,4.1,80.3
"1203","ITA",2003,7.855,2284.319,3.8,80.1
"1204","ITA",2004,8.188,2412.793,3.4,80.9
"1205","ITA",2005,8.361,2512.69,3.3,80.9
"1206","ITA",2006,8.46,2736.757,3.2,81.4
"1207","ITA",2007,8.163,2773.989,3.1,81.5
"1208","ITA",2008,8.562,3031.138,3.1,81.6
"1209","ITA",2009,8.977,3101.328,3.2,81.7
"1210","ITA",2010,8.954,3140.547,3,82.1
"1211","ITA",2011,8.835,3211.158,2.9,82.3
"1212","ITA",2012,8.956,3245.418,2.9,82.3
"1213","ITA",2013,8.952,3234.555,2.9,82.8
"1214","ITA",2014,9.011,3270.619,2.8,83.2
"1215","ITA",2015,8.996,3351.594,2.9,82.6
"1216","ITA",2016,8.939,3391.186,NA,NA
"1217","JPN",1970,4.385,141.137,13.1,72
"1218","JPN",1971,4.497,157.096,12.4,72.9
"1219","JPN",1972,4.604,179.362,11.7,73.2
"1220","JPN",1973,4.482,196.173,11.3,73.4
"1221","JPN",1974,4.921,228.753,10.8,73.7
"1222","JPN",1975,5.441,281.41,10,74.3
"1223","JPN",1976,5.441,305.551,9.3,74.8
"1224","JPN",1977,5.577,343.955,8.9,75.3
"1225","JPN",1978,5.766,397.026,8.4,75.7
"1226","JPN",1979,5.888,459.131,7.9,76.2
"1227","JPN",1980,6.279,544.631,7.5,76.1
"1228","JPN",1981,6.349,622.715,7.1,76.5
"1229","JPN",1982,6.506,695.724,6.6,76.9
"1230","JPN",1983,6.608,751.883,6.2,77
"1231","JPN",1984,6.41,783.936,6,77.4
"1232","JPN",1985,6.473,863.347,5.5,77.6
"1233","JPN",1986,6.426,894.627,5.2,78.1
"1234","JPN",1987,6.435,952.021,5,78.5
"1235","JPN",1988,6.147,1004.321,4.8,78.4
"1236","JPN",1989,5.901,1051.385,4.6,78.8
"1237","JPN",1990,5.744,1116.706,4.6,78.9
"1238","JPN",1991,5.784,1195.991,4.4,79.1
"1239","JPN",1992,6.042,1283.325,4.5,79.2
"1240","JPN",1993,6.314,1371.314,4.3,79.4
"1241","JPN",1994,6.584,1469.1,4.2,79.8
"1242","JPN",1995,6.282,1469.514,4.3,79.6
"1243","JPN",1996,6.124,1501.208,3.8,80.3
"1244","JPN",1997,6.4,1607.614,3.7,80.5
"1245","JPN",1998,6.615,1656.82,3.6,80.6
"1246","JPN",1999,6.976,1765.976,3.4,80.6
"1247","JPN",2000,7.151,1914.851,3.2,81.2
"1248","JPN",2001,7.359,2019.825,3.1,81.5
"1249","JPN",2002,7.473,2104.673,3,81.8
"1250","JPN",2003,7.611,2198.843,3,81.9
"1251","JPN",2004,7.657,2327.818,2.8,82.1
"1252","JPN",2005,7.781,2463.725,2.8,82
"1253","JPN",2006,7.808,2580.146,2.6,82.4
"1254","JPN",2007,7.89,2723.832,2.6,82.6
"1255","JPN",2008,8.2,2852.863,2.6,82.7
"1256","JPN",2009,9.058,2998.593,2.4,83
"1257","JPN",2010,9.157,3204.85,2.3,82.9
"1258","JPN",2011,10.617,3798.062,2.3,82.7
"1259","JPN",2012,10.791,4014.337,2.2,83.2
"1260","JPN",2013,10.792,4206.951,2.1,83.4
"1261","JPN",2014,10.836,4269.191,2.1,83.7
"1262","JPN",2015,10.898,4435.64,NA,83.9
"1263","JPN",2016,10.851,4519.312,NA,NA
"1264","KOR",1970,2.577,15.602,45,62.3
"1265","KOR",1971,2.238,15.418,NA,62.7
"1266","KOR",1972,2.04,15.42,NA,63.1
"1267","KOR",1973,1.749,15.724,NA,63.5
"1268","KOR",1974,1.521,16.037,NA,63.9
"1269","KOR",1975,2.306,28.179,NA,64.3
"1270","KOR",1976,2.332,33.465,NA,64.6
"1271","KOR",1977,2.214,37.296,NA,65
"1272","KOR",1978,2.405,47.315,NA,65.3
"1273","KOR",1979,3.134,71.401,NA,65.6
"1274","KOR",1980,3.458,83.141,NA,66.2
"1275","KOR",1981,3.597,99.753,17,66.7
"1276","KOR",1982,3.556,111.654,NA,67.2
"1277","KOR",1983,3.449,125.619,NA,67.7
"1278","KOR",1984,3.279,134.894,16,68.3
"1279","KOR",1985,3.316,150.231,13,68.9
"1280","KOR",1986,3.192,162.453,NA,69.5
"1281","KOR",1987,3.109,180.709,13,70.1
"1282","KOR",1988,3.245,216.312,NA,70.7
"1283","KOR",1989,3.732,273.934,12,71.2
"1284","KOR",1990,3.68,304.54,NA,71.7
"1285","KOR",1991,3.52,328.928,10,72.2
"1286","KOR",1992,3.644,365.947,NA,72.6
"1287","KOR",1993,3.558,386.857,9.9,73.1
"1288","KOR",1994,3.434,412.286,NA,73.5
"1289","KOR",1995,3.441,457.45,NA,73.8
"1290","KOR",1996,3.625,522.983,7.7,74.2
"1291","KOR",1997,3.608,555.617,NA,74.7
"1292","KOR",1998,3.743,546.809,NA,75.1
"1293","KOR",1999,3.943,646.409,6.2,75.5
"1294","KOR",2000,3.999,723.058,NA,76
"1295","KOR",2001,4.525,868.176,NA,76.5
"1296","KOR",2002,4.376,909.178,5.3,76.8
"1297","KOR",2003,4.755,1016.312,NA,77.3
"1298","KOR",2004,4.777,1096.188,NA,77.8
"1299","KOR",2005,5.082,1229.758,4.7,78.2
"1300","KOR",2006,5.498,1419.891,4.1,78.8
"1301","KOR",2007,5.662,1575.199,3.5,79.2
"1302","KOR",2008,5.817,1666.957,3.4,79.6
"1303","KOR",2009,6.362,1801.872,3.2,80
"1304","KOR",2010,6.505,1975.962,3.2,80.2
"1305","KOR",2011,6.558,2048.103,3,80.6
"1306","KOR",2012,6.728,2159.339,2.9,80.9
"1307","KOR",2013,6.905,2252.095,3,81.4
"1308","KOR",2014,7.125,2396.231,3,81.8
"1309","KOR",2015,7.391,2534.938,2.7,82.1
"1310","KOR",2016,7.674,2728.806,NA,NA
"1311","LTU",1970,NA,NA,19.3,70.9
"1312","LTU",1971,NA,NA,14.8,71.9
"1313","LTU",1972,NA,NA,17.4,71.2
"1314","LTU",1973,NA,NA,18.1,71.5
"1315","LTU",1974,NA,NA,19.4,71.4
"1316","LTU",1975,NA,NA,19.6,71
"1317","LTU",1976,NA,NA,18.2,71
"1318","LTU",1977,NA,NA,17.2,70.9
"1319","LTU",1978,NA,NA,18.2,70.6
"1320","LTU",1979,NA,NA,16.8,70.5
"1321","LTU",1980,NA,NA,14.5,70.4
"1322","LTU",1981,NA,NA,16.5,70.4
"1323","LTU",1982,NA,NA,15,70.8
"1324","LTU",1983,NA,NA,13.9,70.7
"1325","LTU",1984,NA,NA,13.4,70.2
"1326","LTU",1985,NA,NA,14.2,70.5
"1327","LTU",1986,NA,NA,11.6,72.1
"1328","LTU",1987,NA,NA,12.3,72
"1329","LTU",1988,NA,NA,11.6,71.9
"1330","LTU",1989,NA,NA,10.7,71.6
"1331","LTU",1990,NA,NA,10.2,71.4
"1332","LTU",1991,NA,NA,14.4,70.6
"1333","LTU",1992,NA,NA,16.3,70.4
"1334","LTU",1993,NA,NA,15.7,69.1
"1335","LTU",1994,NA,NA,14.2,68.7
"1336","LTU",1995,NA,NA,12.5,69.2
"1337","LTU",1996,NA,NA,10.1,70.3
"1338","LTU",1997,NA,NA,10.3,71.1
"1339","LTU",1998,NA,NA,9.3,71.4
"1340","LTU",1999,NA,NA,8.7,71.7
"1341","LTU",2000,6.192,523.273,8.6,72.1
"1342","LTU",2001,6.006,568.965,8,71.7
"1343","LTU",2002,6.136,643.984,8.1,71.8
"1344","LTU",2003,6.179,745.67,6.9,72.1
"1345","LTU",2004,5.506,718.025,8.1,72
"1346","LTU",2005,5.642,819.555,7.1,71.3
"1347","LTU",2006,5.838,962.904,7.2,71.1
"1348","LTU",2007,5.758,1099.161,6.3,70.9
"1349","LTU",2008,6.287,1304.263,5.5,71.8
"1350","LTU",2009,7.356,1336.124,5.6,72.9
"1351","LTU",2010,6.816,1372.066,5,73.3
"1352","LTU",2011,6.496,1484.718,4.8,73.7
"1353","LTU",2012,6.288,1550.425,3.9,74
"1354","LTU",2013,6.133,1636.967,3.7,74.1
"1355","LTU",2014,6.192,1743.253,3.9,74.7
"1356","LTU",2015,6.514,1883.284,4.2,74.5
"1357","LTU",2016,6.463,1970.191,NA,NA
"1358","LUX",1970,NA,NA,24.9,NA
"1359","LUX",1971,NA,NA,22.5,69.7
"1360","LUX",1972,NA,NA,14,70.9
"1361","LUX",1973,NA,NA,15.3,70.8
"1362","LUX",1974,NA,NA,13.5,70.8
"1363","LUX",1975,NA,NA,14.8,70.8
"1364","LUX",1976,3.898,NA,17.9,70.8
"1365","LUX",1977,4.24,NA,10.6,72.2
"1366","LUX",1978,4.475,NA,10.6,72.1
"1367","LUX",1979,4.544,NA,13,72.8
"1368","LUX",1980,4.642,NA,11.5,72.8
"1369","LUX",1981,4.763,NA,13.8,72.6
"1370","LUX",1982,4.641,NA,12.1,72.7
"1371","LUX",1983,4.557,NA,11.2,73.5
"1372","LUX",1984,4.47,NA,11.7,73.3
"1373","LUX",1985,4.53,NA,9,73.8
"1374","LUX",1986,4.501,NA,7.9,74.7
"1375","LUX",1987,4.899,NA,9.4,74.3
"1376","LUX",1988,5.072,NA,8.5,75
"1377","LUX",1989,4.941,NA,9.9,74.8
"1378","LUX",1990,5.127,NA,7.3,75.6
"1379","LUX",1991,4.92,NA,9.2,75.7
"1380","LUX",1992,5.162,NA,8.5,75.3
"1381","LUX",1993,5.228,NA,6,75.9
"1382","LUX",1994,5.093,NA,5.3,76.6
"1383","LUX",1995,5.331,2224.571,5.5,76.8
"1384","LUX",1996,5.341,2327.058,4.9,76.8
"1385","LUX",1997,5.249,2365.844,4.2,77
"1386","LUX",1998,5.427,2530.314,5,77.3
"1387","LUX",1999,5.526,2932.574,4.7,77.9
"1388","LUX",2000,5.901,3405.253,5.1,78
"1389","LUX",2001,6.41,3739.311,5.9,77.9
"1390","LUX",2002,6.738,4123.523,5.1,78.1
"1391","LUX",2003,6.971,4360.998,4.9,77.8
"1392","LUX",2004,7.347,4906.7,3.9,79.2
"1393","LUX",2005,7.184,5125.507,2.6,79.5
"1394","LUX",2006,6.71,5496.808,2.5,79.4
"1395","LUX",2007,6.234,5511.928,1.8,79.5
"1396","LUX",2008,6.538,5979.619,1.8,80.6
"1397","LUX",2009,7.34,6393.415,2.5,80.7
"1398","LUX",2010,7.031,6386.501,3.4,80.7
"1399","LUX",2011,6.112,5969.814,4.3,81.1
"1400","LUX",2012,6.572,6403.105,2.5,81.5
"1401","LUX",2013,6.548,6692.835,3.9,81.9
"1402","LUX",2014,6.266,6850.289,2.8,82.3
"1403","LUX",2015,6.048,6817.898,2.8,82.4
"1404","LUX",2016,6.335,7462.78,NA,NA
"1405","LVA",1970,NA,NA,17.7,NA
"1406","LVA",1971,NA,NA,15.9,NA
"1407","LVA",1972,NA,NA,16,NA
"1408","LVA",1973,NA,NA,15.8,NA
"1409","LVA",1974,NA,NA,18.4,NA
"1410","LVA",1975,NA,NA,20.3,NA
"1411","LVA",1976,NA,NA,20.1,NA
"1412","LVA",1977,NA,NA,18.3,NA
"1413","LVA",1978,NA,NA,18.1,NA
"1414","LVA",1979,NA,NA,18.3,NA
"1415","LVA",1980,NA,NA,15.3,NA
"1416","LVA",1981,NA,NA,16,NA
"1417","LVA",1982,NA,NA,13.9,NA
"1418","LVA",1983,NA,NA,15.9,NA
"1419","LVA",1984,NA,NA,12.9,NA
"1420","LVA",1985,NA,NA,13,NA
"1421","LVA",1986,NA,NA,12.8,NA
"1422","LVA",1987,NA,NA,11.3,NA
"1423","LVA",1988,NA,NA,11,NA
"1424","LVA",1989,NA,NA,11.3,NA
"1425","LVA",1990,NA,NA,13.7,NA
"1426","LVA",1991,NA,NA,15.7,NA
"1427","LVA",1992,NA,NA,17.6,NA
"1428","LVA",1993,NA,NA,16.2,NA
"1429","LVA",1994,NA,NA,15.7,NA
"1430","LVA",1995,NA,NA,18.8,NA
"1431","LVA",1996,NA,NA,15.9,NA
"1432","LVA",1997,NA,NA,15.3,NA
"1433","LVA",1998,NA,NA,15,NA
"1434","LVA",1999,NA,NA,11.3,NA
"1435","LVA",2000,5.448,436.541,10.3,NA
"1436","LVA",2001,5.778,523.292,11,NA
"1437","LVA",2002,5.769,580.964,9.8,70.1
"1438","LVA",2003,5.49,605.359,9.4,70.5
"1439","LVA",2004,6.229,761.389,9.3,70.8
"1440","LVA",2005,5.86,811.519,7.7,70.6
"1441","LVA",2006,5.737,904.26,7.4,70.6
"1442","LVA",2007,5.768,1045.357,8.5,70.8
"1443","LVA",2008,5.625,1093.119,6.6,72
"1444","LVA",2009,6.154,1039.317,7.6,72.6
"1445","LVA",2010,6.148,1081.676,5.6,73
"1446","LVA",2011,5.572,1101.782,6.6,73.7
"1447","LVA",2012,5.42,1151.918,6.3,73.9
"1448","LVA",2013,5.4,1224.49,4.4,74.1
"1449","LVA",2014,5.488,1310.84,3.8,74.3
"1450","LVA",2015,5.761,1434.35,4.1,74.6
"1451","LVA",2016,5.716,1466.262,NA,NA
"1452","MEX",1970,NA,NA,NA,60.9
"1453","MEX",1971,NA,NA,71.3,62.4
"1454","MEX",1972,NA,NA,68.9,63.1
"1455","MEX",1973,NA,NA,67.2,63.7
"1456","MEX",1974,NA,NA,66.1,64.2
"1457","MEX",1975,NA,NA,64.6,64.7
"1458","MEX",1976,NA,NA,62.2,65.2
"1459","MEX",1977,NA,NA,60.5,65.7
"1460","MEX",1978,NA,NA,58.3,66.1
"1461","MEX",1979,NA,NA,55.7,66.6
"1462","MEX",1980,NA,NA,52.6,67.2
"1463","MEX",1981,NA,NA,49.3,67.7
"1464","MEX",1982,NA,NA,46.3,68.2
"1465","MEX",1983,NA,NA,44.2,68.6
"1466","MEX",1984,NA,NA,42.8,69.1
"1467","MEX",1985,NA,NA,41.6,69.5
"1468","MEX",1986,NA,NA,40,69.9
"1469","MEX",1987,NA,NA,38.4,70.2
"1470","MEX",1988,NA,NA,36.8,70.6
"1471","MEX",1989,NA,NA,NA,70.8
"1472","MEX",1990,NA,NA,32.5,70.5
"1473","MEX",1991,NA,NA,31.1,70.9
"1474","MEX",1992,NA,NA,29.7,71.3
"1475","MEX",1993,NA,NA,28.4,71.7
"1476","MEX",1994,NA,NA,27.2,72
"1477","MEX",1995,NA,NA,26,72.3
"1478","MEX",1996,NA,NA,24.9,72.5
"1479","MEX",1997,NA,NA,23.8,72.8
"1480","MEX",1998,NA,NA,22.8,73
"1481","MEX",1999,4.916,449.019,21.8,73.2
"1482","MEX",2000,4.856,484.387,20.8,73.3
"1483","MEX",2001,5.253,529.253,20,73.5
"1484","MEX",2002,5.406,557.88,19.1,73.6
"1485","MEX",2003,5.945,642.591,18.3,73.8
"1486","MEX",2004,6.049,691.853,17.6,73.9
"1487","MEX",2005,5.922,730.816,16.9,74
"1488","MEX",2006,5.714,771.725,16.3,74.1
"1489","MEX",2007,5.819,822.367,15.7,74.2
"1490","MEX",2008,5.744,846.849,15.1,74.1
"1491","MEX",2009,6.176,889.163,14.6,74
"1492","MEX",2010,6.02,911.351,14.1,74.1
"1493","MEX",2011,5.755,942.472,13.7,74.2
"1494","MEX",2012,5.924,1005.894,13.3,74.4
"1495","MEX",2013,6.014,1038.243,13,74.6
"1496","MEX",2014,5.691,1026.368,12.5,74.8
"1497","MEX",2015,5.864,1054.484,12.5,75
"1498","MEX",2016,5.799,1080.314,NA,75
"1499","NLD",1970,NA,NA,12.7,73.7
"1500","NLD",1971,NA,NA,12.1,73.9
"1501","NLD",1972,5.657,283.1,11.7,73.8
"1502","NLD",1973,5.698,315.441,11.5,74.2
"1503","NLD",1974,5.895,367.923,11.3,74.6
"1504","NLD",1975,6.238,422.134,10.6,74.6
"1505","NLD",1976,6.176,458.318,10.7,74.7
"1506","NLD",1977,6.265,500.273,9.5,75.3
"1507","NLD",1978,6.382,554.719,9.6,75.3
"1508","NLD",1979,6.544,623.867,8.7,75.7
"1509","NLD",1980,6.598,702.447,8.6,75.9
"1510","NLD",1981,6.69,767.317,8.3,76
"1511","NLD",1982,6.917,828.401,8.3,76.1
"1512","NLD",1983,6.917,875.551,8.4,76.3
"1513","NLD",1984,6.64,893.406,8.3,76.4
"1514","NLD",1985,6.629,939.792,8,76.5
"1515","NLD",1986,6.716,992.94,7.7,76.4
"1516","NLD",1987,6.825,1048.148,7.6,76.9
"1517","NLD",1988,6.753,1103.102,6.8,77.1
"1518","NLD",1989,6.923,1219.379,6.8,76.9
"1519","NLD",1990,7.082,1338.574,7.1,77
"1520","NLD",1991,7.262,1441.313,6.5,77.2
"1521","NLD",1992,7.472,1531.044,6.3,77.4
"1522","NLD",1993,7.572,1597.419,6.3,77.1
"1523","NLD",1994,7.454,1643.533,5.6,77.5
"1524","NLD",1995,7.364,1700.779,5.5,77.6
"1525","NLD",1996,7.29,1766.09,5.7,77.6
"1526","NLD",1997,7.104,1826.385,5,78
"1527","NLD",1998,7.177,1961.587,5.2,78
"1528","NLD",1999,7.178,2077.676,5.2,77.9
"1529","NLD",2000,7.056,2227.897,5.1,78.2
"1530","NLD",2001,7.441,2449.074,5.4,78.3
"1531","NLD",2002,7.954,2703.744,5,78.4
"1532","NLD",2003,8.457,2850.19,4.8,78.7
"1533","NLD",2004,8.521,3019.973,4.4,79.2
"1534","NLD",2005,9.271,3454.707,4.9,79.5
"1535","NLD",2006,9.182,3729.846,4.4,79.9
"1536","NLD",2007,9.237,4014.598,4.1,80.3
"1537","NLD",2008,9.511,4360,3.8,80.5
"1538","NLD",2009,10.236,4513.201,3.8,80.8
"1539","NLD",2010,10.403,4638.18,3.8,81
"1540","NLD",2011,10.521,4846.444,3.6,81.3
"1541","NLD",2012,10.904,5092.812,3.7,81.2
"1542","NLD",2013,10.897,5303.365,3.8,81.4
"1543","NLD",2014,10.859,5321.988,3.6,81.8
"1544","NLD",2015,10.69,5296.708,3.3,81.6
"1545","NLD",2016,10.5,5385.413,NA,NA
"1546","NOR",1970,3.993,134.457,11.3,74.4
"1547","NOR",1971,4.263,158.289,11.3,74.4
"1548","NOR",1972,4.637,187.744,10.5,74.6
"1549","NOR",1973,4.788,212.183,10.4,74.7
"1550","NOR",1974,4.788,238.823,9.2,75.1
"1551","NOR",1975,5.194,295.462,9.5,75.1
"1552","NOR",1976,5.324,336.524,8.8,75.3
"1553","NOR",1977,5.547,386.231,8.2,75.7
"1554","NOR",1978,6.093,469.738,7.7,75.8
"1555","NOR",1979,5.569,483.452,7.6,75.8
"1556","NOR",1980,5.41,533.679,8.1,75.9
"1557","NOR",1981,5.44,594.14,7.5,76.1
"1558","NOR",1982,5.64,653.263,8.1,76.2
"1559","NOR",1983,5.822,726.438,7.9,76.3
"1560","NOR",1984,5.479,748.617,8.3,76.4
"1561","NOR",1985,5.477,812.807,8.5,76.1
"1562","NOR",1986,5.918,928.736,7.8,76.5
"1563","NOR",1987,6.154,1003.14,8.4,76.3
"1564","NOR",1988,6.291,1052.976,8,76.4
"1565","NOR",1989,6.118,1070.385,7.8,76.7
"1566","NOR",1990,7.075,1303.928,6.9,76.7
"1567","NOR",1991,7.35,1436.089,6.2,77.1
"1568","NOR",1992,7.501,1543.668,5.8,77.4
"1569","NOR",1993,7.38,1589.759,5,77.3
"1570","NOR",1994,7.293,1675.922,5.2,77.9
"1571","NOR",1995,7.273,1767.749,4,77.9
"1572","NOR",1996,7.189,1926.135,4,78.3
"1573","NOR",1997,7.743,2213.266,4.1,78.3
"1574","NOR",1998,8.427,2372.937,4,78.5
"1575","NOR",1999,8.436,2577.516,3.9,78.4
"1576","NOR",2000,7.709,2846.801,3.8,78.8
"1577","NOR",2001,8.021,3037.686,3.9,78.9
"1578","NOR",2002,9.005,3418.466,3.5,79
"1579","NOR",2003,9.219,3552.148,3.3,79.6
"1580","NOR",2004,8.826,3752.628,3.2,80.1
"1581","NOR",2005,8.333,3980.768,3.1,80.3
"1582","NOR",2006,7.916,4283.583,3.2,80.6
"1583","NOR",2007,8.052,4496.772,3.1,80.6
"1584","NOR",2008,7.966,4913.108,2.7,80.8
"1585","NOR",2009,9.07,5030.089,3.1,81
"1586","NOR",2010,8.91,5167.614,2.8,81.2
"1587","NOR",2011,8.791,5455.725,2.4,81.4
"1588","NOR",2012,8.774,5736.767,2.5,81.5
"1589","NOR",2013,8.93,5979.332,2.4,81.8
"1590","NOR",2014,9.346,6136.327,2.4,82.2
"1591","NOR",2015,9.976,6190.144,2.3,82.4
"1592","NOR",2016,10.464,6647.461,NA,NA
"1593","NZL",1970,5.172,198.95,16.7,71.5
"1594","NZL",1971,5.105,215.233,16.6,71.6
"1595","NZL",1972,5.145,235.714,15.6,71.7
"1596","NZL",1973,5.357,266.249,16.2,71.8
"1597","NZL",1974,5.985,334.467,15.6,72
"1598","NZL",1975,6.534,403.646,16,72.1
"1599","NZL",1976,6.06,392.152,14,72.3
"1600","NZL",1977,6.336,405.14,14.2,72.5
"1601","NZL",1978,6.768,483.394,13.8,72.7
"1602","NZL",1979,6.281,481.515,12.8,72.9
"1603","NZL",1980,5.738,483.214,13,73.2
"1604","NZL",1981,5.661,535.096,11.8,73.4
"1605","NZL",1982,5.802,596.371,12,73.6
"1606","NZL",1983,5.65,625.48,12.9,73.7
"1607","NZL",1984,5.371,649.069,11.7,73.8
"1608","NZL",1985,4.937,612.71,10.9,74
"1609","NZL",1986,5.037,662.3,11.4,74.1
"1610","NZL",1987,5.57,742.88,10.1,74.5
"1611","NZL",1988,6.13,837.829,10.9,74.8
"1612","NZL",1989,6.275,895.949,10.3,75.2
"1613","NZL",1990,6.668,973.99,8.4,75.5
"1614","NZL",1991,7.1,1034.369,8.4,75.8
"1615","NZL",1992,7.228,1078.263,7.3,76.1
"1616","NZL",1993,6.925,1105.417,7.3,76.3
"1617","NZL",1994,6.934,1185.479,7.2,76.6
"1618","NZL",1995,6.949,1244.248,6.7,76.8
"1619","NZL",1996,6.891,1272.396,7.3,77.1
"1620","NZL",1997,7.098,1358.177,6.8,77.4
"1621","NZL",1998,7.514,1452.197,5.4,77.7
"1622","NZL",1999,7.398,1522.319,5.8,78.1
"1623","NZL",2000,7.47,1606.789,6.3,78.4
"1624","NZL",2001,7.579,1705.861,5.6,78.7
"1625","NZL",2002,7.9,1841.303,6.2,79
"1626","NZL",2003,7.722,1850.39,5.4,79.3
"1627","NZL",2004,7.901,1982.058,5.9,79.6
"1628","NZL",2005,8.273,2124.382,5,79.8
"1629","NZL",2006,8.633,2397.185,5.1,80.1
"1630","NZL",2007,8.321,2445.412,4.8,80.3
"1631","NZL",2008,9.142,2729.96,5,80.5
"1632","NZL",2009,9.67,2968.785,5.2,80.7
"1633","NZL",2010,9.659,3019.79,5.5,80.8
"1634","NZL",2011,9.564,3130.806,5.2,81
"1635","NZL",2012,9.699,3199.463,4.7,81.2
"1636","NZL",2013,9.407,3402.372,5,81.4
"1637","NZL",2014,9.403,3496.232,NA,81.5
"1638","NZL",2015,9.34,3544.562,NA,81.7
"1639","NZL",2016,9.206,3589.587,NA,NA
"1640","POL",1970,NA,NA,36.4,70
"1641","POL",1971,NA,NA,29.3,69.7
"1642","POL",1972,NA,NA,28.3,70.8
"1643","POL",1973,NA,NA,29.5,70.7
"1644","POL",1974,NA,NA,23.4,71.2
"1645","POL",1975,NA,NA,24.8,70.6
"1646","POL",1976,NA,NA,23.7,70.7
"1647","POL",1977,NA,NA,24.5,70.5
"1648","POL",1978,NA,NA,26.8,70.5
"1649","POL",1979,NA,NA,25.2,70.9
"1650","POL",1980,NA,NA,25.4,70.2
"1651","POL",1981,NA,NA,24.9,71.2
"1652","POL",1982,NA,NA,24.4,71.2
"1653","POL",1983,NA,NA,23.1,71.1
"1654","POL",1984,NA,NA,23,70.9
"1655","POL",1985,NA,NA,22.1,71.1
"1656","POL",1986,NA,NA,21.3,71
"1657","POL",1987,NA,NA,21.2,71.5
"1658","POL",1988,NA,NA,19.9,71.5
"1659","POL",1989,NA,NA,19.3,71.2
"1660","POL",1990,4.333,267.585,19.4,70.8
"1661","POL",1991,4.795,283.5,18.2,70.5
"1662","POL",1992,5.022,310.367,17.5,71.1
"1663","POL",1993,5.122,335.317,16.2,71.6
"1664","POL",1994,5.004,351.565,15.1,71.8
"1665","POL",1995,4.923,377.104,13.6,72.1
"1666","POL",1996,5.242,432.734,12.2,72.4
"1667","POL",1997,5.107,455.357,10.2,72.8
"1668","POL",1998,5.031,475.987,9.5,73.2
"1669","POL",1999,5.466,547.811,8.9,73.2
"1670","POL",2000,5.298,563.975,8.1,73.8
"1671","POL",2001,5.679,631.889,7.7,74.2
"1672","POL",2002,6.079,716.194,7.5,74.6
"1673","POL",2003,5.962,730.766,7,74.7
"1674","POL",2004,5.869,783.498,6.8,74.9
"1675","POL",2005,5.807,806.974,6.4,75.1
"1676","POL",2006,5.801,878.853,6,75.3
"1677","POL",2007,5.873,985.554,6,75.4
"1678","POL",2008,6.373,1167.002,5.6,75.7
"1679","POL",2009,6.587,1269.033,5.6,75.8
"1680","POL",2010,6.419,1353.719,5,76.5
"1681","POL",2011,6.234,1424.472,4.7,76.8
"1682","POL",2012,6.201,1477.91,4.6,76.9
"1683","POL",2013,6.376,1575.972,4.6,77.1
"1684","POL",2014,6.249,1606.364,4.2,77.7
"1685","POL",2015,6.344,1703.634,4,77.6
"1686","POL",2016,6.443,1797.756,4,NA
"1687","PRT",1970,2.261,47.689,55.5,66.7
"1688","PRT",1971,2.422,57.489,51.9,66.4
"1689","PRT",1972,2.988,80.049,41.4,68.4
"1690","PRT",1973,3.231,101.461,44.8,67.5
"1691","PRT",1974,3.456,117.963,37.9,68.1
"1692","PRT",1975,4.731,162.464,38.9,68.4
"1693","PRT",1976,4.579,172.34,33.4,69
"1694","PRT",1977,4.086,170.674,30.3,70.1
"1695","PRT",1978,4.214,191.586,29.1,70.5
"1696","PRT",1979,4.095,210.663,26,71.3
"1697","PRT",1980,4.789,277.862,24.3,71.4
"1698","PRT",1981,5.024,321.081,21.8,71.7
"1699","PRT",1982,5.084,350.325,19.8,72.5
"1700","PRT",1983,4.824,343.307,19.2,72.4
"1701","PRT",1984,4.95,356.527,16.7,72.7
"1702","PRT",1985,5.367,409.081,17.8,73
"1703","PRT",1986,5.932,479.877,15.8,73.4
"1704","PRT",1987,5.768,509.226,14.2,73.8
"1705","PRT",1988,6.008,590.721,13,73.8
"1706","PRT",1989,5.538,602.919,12.1,74.4
"1707","PRT",1990,5.516,648.746,10.9,74.1
"1708","PRT",1991,6.039,767.772,10.8,74.1
"1709","PRT",1992,6.186,813.82,9.2,74.7
"1710","PRT",1993,6.452,850.221,8.6,74.6
"1711","PRT",1994,6.427,870.877,7.9,75.5
"1712","PRT",1995,7.199,1034.955,7.4,75.4
"1713","PRT",1996,7.452,1110.539,6.8,75.3
"1714","PRT",1997,7.413,1169.713,6.4,75.8
"1715","PRT",1998,7.381,1230.753,6,76
"1716","PRT",1999,7.62,1350.557,5.6,76.3
"1717","PRT",2000,8.375,1580.524,5.5,76.9
"1718","PRT",2001,8.404,1645.962,5,77.2
"1719","PRT",2002,8.558,1743.074,5,77.4
"1720","PRT",2003,8.902,1855.043,4.1,77.5
"1721","PRT",2004,9.295,1997.674,3.8,78.4
"1722","PRT",2005,9.433,2145.119,3.5,78.2
"1723","PRT",2006,9.136,2253.854,3.3,79
"1724","PRT",2007,9.066,2329.54,3.4,79.2
"1725","PRT",2008,9.353,2490.719,3.3,79.5
"1726","PRT",2009,9.879,2617.544,3.6,79.7
"1727","PRT",2010,9.819,2686.703,2.5,80
"1728","PRT",2011,9.531,2552.465,3.1,80.6
"1729","PRT",2012,9.348,2472.998,3.4,80.5
"1730","PRT",2013,9.09,2535.937,2.9,80.8
"1731","PRT",2014,9.022,2598.997,2.9,81.2
"1732","PRT",2015,8.972,2663.699,2.9,81.2
"1733","PRT",2016,8.947,2734.399,NA,NA
"1734","RUS",1970,NA,NA,NA,68.3
"1735","RUS",1971,NA,NA,NA,68.5
"1736","RUS",1972,NA,NA,NA,68.4
"1737","RUS",1973,NA,NA,NA,68.4
"1738","RUS",1974,NA,NA,NA,68.5
"1739","RUS",1975,NA,NA,NA,67.9
"1740","RUS",1976,NA,NA,NA,67.6
"1741","RUS",1977,NA,NA,NA,67.5
"1742","RUS",1978,NA,NA,NA,67.5
"1743","RUS",1979,NA,NA,NA,67.3
"1744","RUS",1980,NA,NA,22,67.2
"1745","RUS",1981,NA,NA,21.5,67.4
"1746","RUS",1982,NA,NA,20.2,68
"1747","RUS",1983,NA,NA,19.9,67.8
"1748","RUS",1984,NA,NA,21.1,67.3
"1749","RUS",1985,NA,NA,20.8,68
"1750","RUS",1986,NA,NA,19.1,69.5
"1751","RUS",1987,NA,NA,19.4,69.6
"1752","RUS",1988,NA,NA,19.1,69.6
"1753","RUS",1989,NA,NA,18.1,69.3
"1754","RUS",1990,NA,NA,17.4,69
"1755","RUS",1991,NA,NA,17.8,68.8
"1756","RUS",1992,NA,NA,18,67.8
"1757","RUS",1993,NA,NA,19.9,65.3
"1758","RUS",1994,NA,NA,18.6,64.3
"1759","RUS",1995,NA,NA,18.1,64.9
"1760","RUS",1996,NA,NA,17.4,66
"1761","RUS",1997,NA,NA,17.2,66.9
"1762","RUS",1998,NA,NA,16.5,67.2
"1763","RUS",1999,NA,NA,16.9,66.1
"1764","RUS",2000,5.048,367.103,15.3,65.7
"1765","RUS",2001,5.272,413.867,14.6,65.6
"1766","RUS",2002,5.552,475.518,13.3,65.3
"1767","RUS",2003,5.187,512.264,12.4,65.2
"1768","RUS",2004,4.782,522.751,11.6,65.6
"1769","RUS",2005,4.793,606.157,11,65.7
"1770","RUS",2006,4.788,764.796,10.2,66.9
"1771","RUS",2007,4.769,851.057,9.4,67.7
"1772","RUS",2008,4.926,1065.269,8.5,68.1
"1773","RUS",2009,5.669,1179.585,8.1,68.8
"1774","RUS",2010,4.993,1095.314,7.5,69
"1775","RUS",2011,4.828,1162.387,7.4,69.8
"1776","RUS",2012,5.023,1271.693,8.6,70.2
"1777","RUS",2013,5.222,1330.579,8.2,70.7
"1778","RUS",2014,5.171,1338.229,7.4,70.9
"1779","RUS",2015,5.607,1350.957,6.5,71.3
"1780","SVK",1970,NA,NA,25.7,70
"1781","SVK",1971,NA,NA,24.4,70
"1782","SVK",1972,NA,NA,25.4,70.5
"1783","SVK",1973,NA,NA,24.9,70.1
"1784","SVK",1974,NA,NA,22.8,70.3
"1785","SVK",1975,NA,NA,23.7,70.5
"1786","SVK",1976,NA,NA,24.5,70.6
"1787","SVK",1977,NA,NA,21.5,70.6
"1788","SVK",1978,NA,NA,21.8,70.6
"1789","SVK",1979,NA,NA,20.9,70.9
"1790","SVK",1980,NA,NA,20.9,70.6
"1791","SVK",1981,NA,NA,19.2,70.9
"1792","SVK",1982,NA,NA,17.9,71
"1793","SVK",1983,NA,NA,17.5,70.7
"1794","SVK",1984,NA,NA,17.2,71
"1795","SVK",1985,NA,NA,16.3,71
"1796","SVK",1986,NA,NA,15,71.2
"1797","SVK",1987,NA,NA,14.2,71.4
"1798","SVK",1988,NA,NA,13.3,71.5
"1799","SVK",1989,NA,NA,13.5,71.3
"1800","SVK",1990,NA,NA,12,71.2
"1801","SVK",1991,NA,NA,13.2,71.2
"1802","SVK",1992,NA,NA,12.6,71.6
"1803","SVK",1993,NA,NA,10.6,72.1
"1804","SVK",1994,NA,NA,11.2,72.5
"1805","SVK",1995,NA,NA,11,72.5
"1806","SVK",1996,NA,NA,10.2,72.9
"1807","SVK",1997,5.654,568.902,8.7,72.9
"1808","SVK",1998,5.551,588.522,8.8,72.8
"1809","SVK",1999,5.54,592.775,8.3,73.2
"1810","SVK",2000,5.313,602.869,8.6,73.4
"1811","SVK",2001,5.34,662.166,6.2,73.6
"1812","SVK",2002,5.517,733.433,7.6,73.8
"1813","SVK",2003,5.458,771.757,7.9,73.8
"1814","SVK",2004,6.48,984.851,6.8,74.2
"1815","SVK",2005,6.598,1096.319,7.2,74.2
"1816","SVK",2006,6.862,1295.159,6.6,74.4
"1817","SVK",2007,7.19,1521.137,6.1,74.5
"1818","SVK",2008,6.966,1650.453,5.9,75
"1819","SVK",2009,7.957,1836.648,5.7,75.3
"1820","SVK",2010,7.801,1951.103,5.7,75.6
"1821","SVK",2011,7.418,1916.527,4.9,76.1
"1822","SVK",2012,7.634,2034.222,5.8,76.2
"1823","SVK",2013,7.528,2100.08,5.5,76.5
"1824","SVK",2014,6.921,2008.512,5.8,76.9
"1825","SVK",2015,6.886,2059.383,5.1,76.7
"1826","SVK",2016,6.883,2149.505,NA,NA
"1827","SVN",1970,NA,NA,24.5,68.7
"1828","SVN",1971,NA,NA,25.5,NA
"1829","SVN",1972,NA,NA,21,NA
"1830","SVN",1973,NA,NA,21.2,NA
"1831","SVN",1974,NA,NA,19,NA
"1832","SVN",1975,NA,NA,17.3,NA
"1833","SVN",1976,NA,NA,19.4,NA
"1834","SVN",1977,NA,NA,17.6,NA
"1835","SVN",1978,NA,NA,16.6,NA
"1836","SVN",1979,NA,NA,15.4,NA
"1837","SVN",1980,NA,NA,15.3,NA
"1838","SVN",1981,NA,NA,13.1,NA
"1839","SVN",1982,NA,NA,14,71.2
"1840","SVN",1983,NA,NA,13.9,71
"1841","SVN",1984,NA,NA,13.9,71.4
"1842","SVN",1985,NA,NA,13,71.9
"1843","SVN",1986,NA,NA,11.9,72.4
"1844","SVN",1987,NA,NA,11.1,72.4
"1845","SVN",1988,NA,NA,10,73
"1846","SVN",1989,NA,NA,8.1,73.4
"1847","SVN",1990,NA,NA,8.4,73.8
"1848","SVN",1991,NA,NA,8.2,73.5
"1849","SVN",1992,NA,NA,8.9,73.6
"1850","SVN",1993,NA,NA,6.8,73.5
"1851","SVN",1994,NA,NA,6.5,74
"1852","SVN",1995,NA,NA,5.5,74.7
"1853","SVN",1996,NA,NA,4.7,75.1
"1854","SVN",1997,NA,NA,5.2,75.1
"1855","SVN",1998,NA,NA,5.2,75.3
"1856","SVN",1999,NA,NA,4.5,75.7
"1857","SVN",2000,7.784,1403.936,4.9,76.1
"1858","SVN",2001,7.876,1496.414,4.2,76.4
"1859","SVN",2002,7.996,1623.612,3.8,76.6
"1860","SVN",2003,8.082,1707.865,4,76.4
"1861","SVN",2004,7.927,1806.753,3.7,77.2
"1862","SVN",2005,7.965,1907.253,4.1,77.4
"1863","SVN",2006,7.802,2011.231,3.4,78.3
"1864","SVN",2007,7.494,2068.092,2.8,78.3
"1865","SVN",2008,7.849,2325.314,2.4,79.1
"1866","SVN",2009,8.562,2354.828,2.4,79.3
"1867","SVN",2010,8.562,2379.531,2.5,79.8
"1868","SVN",2011,8.54,2459.958,2.9,80.1
"1869","SVN",2012,8.727,2517.065,1.6,80.2
"1870","SVN",2013,8.757,2586.043,2.9,80.4
"1871","SVN",2014,8.542,2647.447,1.8,81.2
"1872","SVN",2015,8.543,2730.8,1.6,80.9
"1873","SVN",2016,8.561,2834.772,NA,NA
"1874","SWE",1970,5.506,266.353,11,74.8
"1875","SWE",1971,5.944,302.932,11.1,74.8
"1876","SWE",1972,6.046,327.858,10.8,74.8
"1877","SWE",1973,6.02,357.203,9.9,75
"1878","SWE",1974,6.26,416.6,9.6,75.1
"1879","SWE",1975,6.545,486.124,8.6,75.2
"1880","SWE",1976,6.831,538.838,8.3,75.1
"1881","SWE",1977,7.588,623.372,8,75.6
"1882","SWE",1978,7.636,681.142,7.8,75.7
"1883","SWE",1979,7.526,753.033,7.5,75.7
"1884","SWE",1980,7.836,867.432,6.9,75.9
"1885","SWE",1981,7.939,964.212,6.9,76.2
"1886","SWE",1982,8.026,1047.549,6.8,76.5
"1887","SWE",1983,7.937,1096.804,7,76.7
"1888","SWE",1984,7.745,1154.095,6.4,77
"1889","SWE",1985,7.352,1153.08,6.8,76.8
"1890","SWE",1986,7.121,1167.313,5.9,77.1
"1891","SWE",1987,7.2,1246.717,6.1,77.3
"1892","SWE",1988,7.116,1302.046,5.8,77.1
"1893","SWE",1989,7.175,1390.814,5.8,77.8
"1894","SWE",1990,7.256,1458.257,6,77.7
"1895","SWE",1991,7.244,1476.812,6.2,77.9
"1896","SWE",1992,7.528,1542.568,5.3,78.2
"1897","SWE",1993,7.772,1587.405,4.8,78.2
"1898","SWE",1994,7.377,1590.391,4.4,78.9
"1899","SWE",1995,7.292,1660.682,4.1,79
"1900","SWE",1996,7.496,1769.482,4,79.2
"1901","SWE",1997,7.318,1788.949,3.6,79.4
"1902","SWE",1998,7.402,1885.961,3.5,79.5
"1903","SWE",1999,7.415,2012.941,3.4,79.6
"1904","SWE",2000,7.412,2168.733,3.4,79.7
"1905","SWE",2001,8.034,2386.307,3.7,79.9
"1906","SWE",2002,8.362,2557.783,3.3,79.9
"1907","SWE",2003,8.464,2663.661,3.1,80.3
"1908","SWE",2004,8.261,2771.832,3.1,80.6
"1909","SWE",2005,8.277,2811.599,2.4,80.7
"1910","SWE",2006,8.161,3055.488,2.8,81
"1911","SWE",2007,8.074,3275.087,2.5,81.1
"1912","SWE",2008,8.313,3479.332,2.5,81.3
"1913","SWE",2009,8.944,3550.359,2.5,81.5
"1914","SWE",2010,8.486,3536.1,2.5,81.6
"1915","SWE",2011,10.679,4672.594,2.1,81.9
"1916","SWE",2012,10.938,4892.112,2.6,81.8
"1917","SWE",2013,11.101,5070.086,2.7,82
"1918","SWE",2014,11.141,5170.078,2.2,82.3
"1919","SWE",2015,11.012,5266.333,2.5,82.3
"1920","SWE",2016,11.008,5487.521,NA,NA
"1921","TUR",1970,NA,NA,NA,54.2
"1922","TUR",1971,NA,NA,NA,54.6
"1923","TUR",1972,NA,NA,NA,55
"1924","TUR",1973,NA,NA,NA,55.4
"1925","TUR",1974,NA,NA,NA,55.7
"1926","TUR",1975,2.156,62.648,NA,56.1
"1927","TUR",1976,1.695,54.611,NA,56.5
"1928","TUR",1977,1.988,72.203,NA,56.9
"1929","TUR",1978,2.226,84.07,NA,57.3
"1930","TUR",1979,2.293,89.967,NA,57.7
"1931","TUR",1980,2.361,97.905,NA,58.1
"1932","TUR",1981,2.574,118.202,NA,58.5
"1933","TUR",1982,2.146,105.484,NA,58.9
"1934","TUR",1983,2.194,115.599,NA,59.7
"1935","TUR",1984,2.114,119.749,NA,60.9
"1936","TUR",1985,1.49,88.571,NA,62.1
"1937","TUR",1986,1.835,116.546,NA,63.2
"1938","TUR",1987,1.896,132.503,NA,64.4
"1939","TUR",1988,2.074,149.743,NA,65.2
"1940","TUR",1989,2.275,166.877,NA,65.7
"1941","TUR",1990,2.451,199.111,NA,67.5
"1942","TUR",1991,2.786,231.361,NA,67.8
"1943","TUR",1992,2.747,242.495,NA,68.2
"1944","TUR",1993,2.695,258.183,NA,68.5
"1945","TUR",1994,2.624,238.193,NA,68.9
"1946","TUR",1995,2.448,238.754,NA,69.3
"1947","TUR",1996,2.834,295.493,40.9,69.7
"1948","TUR",1997,3.06,342.18,38.8,70.1
"1949","TUR",1998,3.509,299.86,36.5,70.3
"1950","TUR",1999,4.465,367.131,33.9,70.7
"1951","TUR",2000,4.622,425.341,28.4,71.1
"1952","TUR",2001,4.924,448.037,28.6,71.5
"1953","TUR",2002,5.101,469.736,29.6,71.9
"1954","TUR",2003,5.059,480.681,29.1,72.3
"1955","TUR",2004,4.959,534.275,27.4,72.7
"1956","TUR",2005,4.942,582.888,25.8,73.1
"1957","TUR",2006,5.188,701.654,24.5,73.4
"1958","TUR",2007,5.281,777.41,16.5,73.7
"1959","TUR",2008,5.259,836.811,15.7,73.9
"1960","TUR",2009,5.534,849.522,13.7,74.1
"1961","TUR",2010,5.054,872.512,12,74.3
"1962","TUR",2011,4.688,911.571,11.7,74.6
"1963","TUR",2012,4.478,916.772,11.6,74.6
"1964","TUR",2013,4.404,977.933,10.8,78
"1965","TUR",2014,4.347,1002.747,11.1,78
"1966","TUR",2015,4.141,996.641,10.7,78
"1967","TUR",2016,4.33,1087.503,NA,NA
"1968","USA",1970,6.232,326.961,20,70.9
"1969","USA",1971,6.366,357.988,19.1,71.2
"1970","USA",1972,6.499,397.097,18.5,71.3
"1971","USA",1973,6.517,439.302,17.7,71.5
"1972","USA",1974,6.836,495.114,16.7,72.1
"1973","USA",1975,7.171,560.75,16.1,72.7
"1974","USA",1976,7.419,638.851,15.2,73
"1975","USA",1977,7.668,726.241,14.1,73.4
"1976","USA",1978,7.64,808.884,13.8,73.5
"1977","USA",1979,7.772,908.963,13.1,73.9
"1978","USA",1980,8.226,1036.3,12.6,73.7
"1979","USA",1981,8.515,1191.537,11.9,74.1
"1980","USA",1982,9.209,1329.669,11.5,74.5
"1981","USA",1983,9.33,1451.945,11.2,74.6
"1982","USA",1984,9.284,1590.667,10.8,74.7
"1983","USA",1985,9.498,1735.156,10.6,74.7
"1984","USA",1986,9.667,1847.773,10.4,74.7
"1985","USA",1987,9.903,1990.545,10.1,74.9
"1986","USA",1988,10.29,2210.688,10,74.9
"1987","USA",1989,10.645,2440.057,9.8,75.1
"1988","USA",1990,11.273,2700.35,9.2,75.3
"1989","USA",1991,11.948,2915.955,8.9,75.5
"1990","USA",1992,12.215,3113.847,8.5,75.7
"1991","USA",1993,12.469,3299.968,8.4,75.5
"1992","USA",1994,12.392,3441.962,8,75.7
"1993","USA",1995,12.502,3598.392,7.6,75.7
"1994","USA",1996,12.464,3747.644,7.3,76.1
"1995","USA",1997,12.373,3906.554,7.2,76.5
"1996","USA",1998,12.398,4084.909,7.2,76.7
"1997","USA",1999,12.396,4291.64,7.1,76.7
"1998","USA",2000,12.508,4559.009,6.9,76.7
"1999","USA",2001,13.175,4910.696,6.8,76.9
"2000","USA",2002,13.96,5327.85,7,77
"2001","USA",2003,14.46,5737.323,6.8,77.1
"2002","USA",2004,14.541,6095.948,6.8,77.6
"2003","USA",2005,14.545,6444.643,6.9,77.6
"2004","USA",2006,14.661,6807.968,6.7,77.8
"2005","USA",2007,14.901,7161.463,6.8,78.1
"2006","USA",2008,15.294,7402.501,6.6,78.1
"2007","USA",2009,16.338,7679.031,6.4,78.5
"2008","USA",2010,16.397,7931.732,6.1,78.6
"2009","USA",2011,16.358,8144.82,6.1,78.7
"2010","USA",2012,16.355,8414.703,6,78.8
"2011","USA",2013,16.323,8616.384,6,78.8
"2012","USA",2014,16.549,9035.5,5.8,78.9
"2013","USA",2015,16.915,9507.196,NA,78.8
"2014","USA",2016,17.214,9892.253,NA,NA
"2015","ZAF",1970,NA,NA,NA,52.9
"2016","ZAF",1971,NA,NA,NA,53.3
"2017","ZAF",1972,NA,NA,NA,53.6
"2018","ZAF",1973,NA,NA,NA,53.9
"2019","ZAF",1974,NA,NA,91.1,54.3
"2020","ZAF",1975,NA,NA,86.6,54.7
"2021","ZAF",1976,NA,NA,82.6,55.1
"2022","ZAF",1977,NA,NA,78.6,55.5
"2023","ZAF",1978,NA,NA,74.9,56
"2024","ZAF",1979,NA,NA,71.4,56.5
"2025","ZAF",1980,NA,NA,68,57.1
"2026","ZAF",1981,NA,NA,65,57.7
"2027","ZAF",1982,NA,NA,62.2,58.3
"2028","ZAF",1983,NA,NA,59.6,58.9
"2029","ZAF",1984,NA,NA,57.3,59.4
"2030","ZAF",1985,NA,NA,55.1,60
"2031","ZAF",1986,NA,NA,53.2,60.5
"2032","ZAF",1987,NA,NA,51.4,61.1
"2033","ZAF",1988,NA,NA,49.8,61.5
"2034","ZAF",1989,NA,NA,48.5,61.9
"2035","ZAF",1990,NA,NA,47.4,62.2
"2036","ZAF",1991,NA,NA,46.7,62.4
"2037","ZAF",1992,NA,NA,46.4,62.4
"2038","ZAF",1993,NA,NA,46.6,62.3
"2039","ZAF",1994,NA,NA,47.2,62
"2040","ZAF",1995,NA,NA,48.2,61.5
"2041","ZAF",1996,NA,NA,49.4,60.7
"2042","ZAF",1997,NA,NA,50.9,59.7
"2043","ZAF",1998,NA,NA,52.2,58.5
"2044","ZAF",1999,NA,NA,53.2,57.2
"2045","ZAF",2000,8.068,622.172,54,55.8
"2046","ZAF",2001,8.315,663.403,54.5,54.6
"2047","ZAF",2002,8.086,675.172,54.7,53.4
"2048","ZAF",2003,8.257,715.216,54.1,52.5
"2049","ZAF",2004,7.927,728.425,52.8,51.9
"2050","ZAF",2005,7.769,765.893,51.5,51.6
"2051","ZAF",2006,7.568,801.415,50,51.6
"2052","ZAF",2007,7.533,851.394,48.6,52
"2053","ZAF",2008,7.747,908.706,46.6,52.6
"2054","ZAF",2009,8.386,962.367,41.1,53.5
"2055","ZAF",2010,8.504,1003.392,38.2,54.4
"2056","ZAF",2011,8.614,1055.093,37.1,55.3
"2057","ZAF",2012,8.795,1104.849,36.8,56.1
"2058","ZAF",2013,8.775,1127.906,35.3,56.7
"2059","ZAF",2014,8.797,1148.873,34.4,57.2
"2060","ZAF",2015,NA,NA,33.6,57.4
